1,2,201,20109,ALAJUELA,ALAJUELA,RIO SEGUNDO,3133,3.443664,61.921481,29.939355,63.070539,5.1388445579
2,2,201,20108,ALAJUELA,ALAJUELA,SAN RAFAEL,6519,3.651787,64.948612,29.713146,67.694432,6.6114434729
3,2,209,20903,ALAJUELA,OROTINA,HACIENDA VIEJA,309,3.307443,72.815534,13.915858,66.990291,1.6181229773
4,2,204,20401,ALAJUELA,SAN MATEO,SAN MATEO,836,3.220096,72.84689,12.679426,59.210526,2.2727272727
5,2,204,20402,ALAJUELA,SAN MATEO,DESMONTE,286,3.660839,86.013986,5.944056,52.797203,2.4475524476
6,2,201,20105,ALAJUELA,ALAJUELA,GUACIMA,5508,3.657044,71.205519,21.568627,64.796659,5.7371096587
7,2,201,20104,ALAJUELA,ALAJUELA,SAN ANTONIO,7165,3.478437,64.884857,30.216329,68.722959,4.5778087927
8,2,201,20102,ALAJUELA,ALAJUELA,SAN JOSE,12131,3.431044,66.185805,27.911961,75.434836,2.9099002555
9,2,201,20111,ALAJUELA,ALAJUELA,TURRUCARES,2087,3.649257,64.063249,21.226641,64.015333,4.2644944897
10,2,203,20305,ALAJUELA,GRECIA,TACARES,2127,3.712741,74.424071,13.117066,64.692055,4.1842971321
11,2,205,20504,ALAJUELA,ATENAS,SAN ISIDRO,771,3.648508,80.544747,9.597925,65.239948,2.9831387808
12,2,205,20506,ALAJUELA,ATENAS,SAN JOSE,576,3.368056,79.861111,10.9375,68.576389,2.7777777778
13,2,205,20503,ALAJUELA,ATENAS,MERCEDES,934,3.347966,72.912206,18.62955,75.910064,3.2119914347
14,2,205,20502,ALAJUELA,ATENAS,JESUS,1079,3.365153,79.332715,12.048193,74.328082,1.4828544949
15,2,205,20508,ALAJUELA,ATENAS,ESCOBAL,262,3.236641,79.770992,6.870229,62.977099,1.5267175573
16,2,205,20505,ALAJUELA,ATENAS,CONCEPCION,1023,3.394917,75.855327,14.565005,71.065494,2.2482893451
17,2,205,20501,ALAJUELA,ATENAS,ATENAS,2210,3.409502,75.248869,19.18552,83.257919,1.7194570136
18,2,203,20307,ALAJUELA,GRECIA,PUENTE DE PIEDRA,2906,3.632485,76.152787,12.697866,65.932553,2.9249827942
19,2,201,20113,ALAJUELA,ALAJUELA,LA GARITA,2080,3.437981,65.817308,18.942308,71.153846,3.7019230769
20,2,205,20507,ALAJUELA,ATENAS,SANTA EULALIA,617,3.374392,77.957861,12.317666,67.909238,3.4035656402
21,2,207,20702,ALAJUELA,PALMARES,ZARAGOZA,2269,3.610401,80.608197,13.486117,67.562803,1.4984574703
22,2,207,20704,ALAJUELA,PALMARES,SANTIAGO,729,3.742112,79.835391,9.053498,52.1262,3.0178326475
23,2,207,20707,ALAJUELA,PALMARES,GRANJA,1123,3.614426,76.313446,17.987533,69.367765,2.0480854853
24,2,207,20703,ALAJUELA,PALMARES,BUENOS AIRES,2143,3.483901,79.048063,16.0056,71.768549,1.4932337844
25,2,202,20201,ALAJUELA,SAN RAMON,SAN RAMON,2928,2.977117,66.632514,29.030055,74.931694,1.5368852459
26,2,202,20204,ALAJUELA,SAN RAMON,PIEDADES NORTE,2352,3.463861,79.081633,13.520408,64.583333,2.380952381
27,2,202,20203,ALAJUELA,SAN RAMON,SAN JUAN,3427,3.399183,72.016341,22.118471,73.037642,3.0347242486
28,2,202,20209,ALAJUELA,SAN RAMON,ALFARO,2078,3.342637,71.174206,22.569779,74.205967,2.406159769
29,2,202,20207,ALAJUELA,SAN RAMON,SAN ISIDRO,1255,3.568127,79.36255,13.14741,69.561753,2.9482071713
30,2,202,20211,ALAJUELA,SAN RAMON,CONCEPCION,654,3.590214,85.626911,6.880734,63.914373,3.0581039755
31,2,202,20210,ALAJUELA,SAN RAMON,VOLIO,623,3.64366,79.614767,11.717496,60.995185,4.6548956661
32,2,207,20705,ALAJUELA,PALMARES,CANDELARIA,545,3.598165,82.752294,8.256881,61.834862,3.8532110092
33,2,206,20607,ALAJUELA,NARANJO,ROSARIO,950,3.954737,71.894737,15.052632,59.157895,4.3157894737
34,2,207,20701,ALAJUELA,PALMARES,PALMARES,1107,3.251129,73.893406,20.776874,67.841012,1.2646793135
35,2,206,20602,ALAJUELA,NARANJO,SAN MIGUEL,1224,3.804739,71.813725,15.522876,68.545752,3.6764705882
36,2,207,20706,ALAJUELA,PALMARES,ESQUIPULAS,1741,3.784032,78.977599,14.244687,59.965537,3.6186099943
37,2,206,20601,ALAJUELA,NARANJO,NARANJO,4449,3.564396,76.55653,15.351764,66.756575,3.5064059339
38,2,206,20603,ALAJUELA,NARANJO,SAN JOSE,904,3.497788,76.880531,8.960177,61.283186,2.5442477876
39,2,206,20606,ALAJUELA,NARANJO,SAN JUAN,839,3.711561,76.638856,11.680572,65.196663,3.694874851
40,2,203,20304,ALAJUELA,GRECIA,SAN ROQUE,3182,3.467945,77.655563,16.37335,74.450031,2.0113136392
41,2,212,21201,ALAJUELA,VALVERDE VEGA,SARCHI NORTE,2046,3.48436,71.407625,16.959922,67.399804,2.4437927664
42,2,212,21202,ALAJUELA,VALVERDE VEGA,SARCHI SUR,1423,3.614195,73.366128,18.13071,60.295151,3.3731553057
43,2,206,20604,ALAJUELA,NARANJO,CIRRI SUR,1283,3.541699,77.786438,11.691348,64.146532,3.5074045207
44,2,208,20804,ALAJUELA,POAS,CARRILLOS,2428,3.794893,73.105437,19.275124,70.799012,4.6128500824
45,2,201,20112,ALAJUELA,ALAJUELA,TAMBOR,3010,3.651827,66.312292,22.292359,61.860465,5.0830564784
46,2,203,20303,ALAJUELA,GRECIA,SAN JOSE,2252,3.579485,81.394316,13.809947,70.381883,2.3534635879
47,2,203,20301,ALAJUELA,GRECIA,GRECIA,4627,3.211152,70.974714,23.103523,75.707802,1.901880268
48,2,212,21204,ALAJUELA,VALVERDE VEGA,SAN PEDRO,907,3.721058,76.846748,12.899669,61.521499,2.9768467475
49,2,203,20308,ALAJUELA,GRECIA,BOLIVAR,2087,3.480594,79.108769,12.410158,66.842357,1.9645424054
50,2,203,20302,ALAJUELA,GRECIA,SAN ISIDRO,1678,3.545292,77.234803,12.872467,73.659118,1.7878426698
51,2,206,20605,ALAJUELA,NARANJO,SAN JERONIMO,856,3.80257,75.350467,15.070093,63.785047,5.1401869159
52,2,201,20107,ALAJUELA,ALAJUELA,SABANILLA,2361,3.833969,64.337145,14.570097,57.85684,6.9462092334
53,2,208,20803,ALAJUELA,POAS,SAN RAFAEL,1462,3.71751,78.522572,11.696306,71.545828,3.9671682627
54,2,208,20801,ALAJUELA,POAS,SAN PEDRO,2144,3.523321,75.419776,16.13806,75.419776,2.7985074627
55,2,212,21205,ALAJUELA,VALVERDE VEGA,RODRIGUEZ,590,3.594915,74.745763,14.745763,61.355932,6.2711864407
56,2,208,20802,ALAJUELA,POAS,SAN JUAN,1243,3.724055,72.968624,17.457763,69.589702,3.378921963
57,2,201,20110,ALAJUELA,ALAJUELA,DESAMPARADOS,7315,3.566507,66.247437,26.138072,73.096377,4.005468216
58,2,201,20106,ALAJUELA,ALAJUELA,SAN ISIDRO,4785,3.586207,62.591432,22.842215,58.62069,5.5172413793
59,2,201,20101,ALAJUELA,ALAJUELA,ALAJUELA,13252,3.22125,64.103532,31.391488,72.834289,2.452460006
60,2,201,20103,ALAJUELA,ALAJUELA,CARRIZAL,1832,3.721616,67.521834,20.633188,66.703057,6.2227074236
61,2,213,21306,ALAJUELA,UPALA,DOS RIOS,783,4.079183,77.650064,3.703704,36.653895,12.0051085568
62,2,213,21303,ALAJUELA,UPALA,SAN JOSE,1794,4.097547,82.107023,2.898551,28.372352,14.2140468227
63,2,213,21305,ALAJUELA,UPALA,DELICIAS,1031,4.336566,83.123181,3.200776,31.522793,19.8836081474
64,2,214,21402,ALAJUELA,LOS CHILES,CAÑO NEGRO,504,3.587302,75.396825,2.380952,32.34127,10.7142857143
65,2,214,21401,ALAJUELA,LOS CHILES,LOS CHILES,3267,4.053872,68.870523,13.314968,40.373431,16.6513621059
66,2,213,21302,ALAJUELA,UPALA,AGUAS CLARAS,1398,3.530758,66.881259,10.872675,39.842632,6.7954220315
67,2,213,21301,ALAJUELA,UPALA,UPALA,4376,3.686243,71.572212,14.739488,48.948812,8.6380255941
68,2,213,21307,ALAJUELA,UPALA,YOLILLAL,791,4.182048,78.508217,4.171934,34.26043,13.4007585335
69,2,214,21403,ALAJUELA,LOS CHILES,EL AMPARO,1550,3.858065,63.741935,16.387097,40.258065,12.5806451613
70,2,213,21304,ALAJUELA,UPALA,BIJAGUA,1345,3.341264,71.524164,13.30855,52.118959,4.4609665428
71,2,215,21503,ALAJUELA,GUATUSO,COTE,276,3.141304,73.913043,9.057971,44.927536,3.2608695652
72,2,215,21501,ALAJUELA,GUATUSO,SAN RAFAEL,2198,3.601001,70.746133,11.692448,48.726115,7.779799818
73,2,214,21404,ALAJUELA,LOS CHILES,SAN JORGE,714,3.743697,69.467787,6.022409,41.736695,8.5434173669
74,2,210,21013,ALAJUELA,SAN CARLOS,POCOSOL,3935,3.904956,65.311309,16.442186,44.269377,10.3684879288
75,2,210,21006,ALAJUELA,SAN CARLOS,PITAL,4530,3.810596,62.494481,24.304636,53.134658,10.9271523179
76,2,210,21010,ALAJUELA,SAN CARLOS,VENADO,516,3.397287,64.534884,7.751938,51.937984,6.3953488372
77,2,210,21007,ALAJUELA,SAN CARLOS,FORTUNA,4371,3.50835,51.956074,35.575383,69.091741,9.0597117364
78,2,210,21012,ALAJUELA,SAN CARLOS,MONTERREY,935,3.695187,58.28877,11.871658,55.294118,5.1336898396
79,2,210,21004,ALAJUELA,SAN CARLOS,AGUAS ZARCAS,5446,3.710613,64.726405,25.045905,62.522953,6.793977231
80,2,210,21011,ALAJUELA,SAN CARLOS,CUTRIS,2644,3.890696,57.526475,17.586989,42.889561,11.119515885
81,2,203,20306,ALAJUELA,GRECIA,RIO CUARTO,2850,3.86807,58,23.122807,45.754386,8.9473684211
82,2,202,20213,ALAJUELA,SAN RAMON,PEÑAS BLANCAS,2506,3.702314,69.672785,17.438148,51.955307,7.1827613727
83,2,209,20901,ALAJUELA,OROTINA,OROTINA,2926,3.29836,71.326042,21.018455,69.138756,3.1442241969
84,2,209,20902,ALAJUELA,OROTINA,MASTATE,527,3.455408,71.347249,20.113852,65.654649,2.0872865275
85,2,209,20904,ALAJUELA,OROTINA,COYOLAR,1698,3.481743,70.906949,10.836278,45.229682,10.0706713781
86,2,209,20905,ALAJUELA,OROTINA,CEIBA,564,3.406028,62.943262,10.992908,47.340426,6.0283687943
87,2,204,20403,ALAJUELA,SAN MATEO,JESUS MARIA,712,3.36236,76.404494,6.179775,51.404494,4.6348314607
88,2,202,20202,ALAJUELA,SAN RAMON,SANTIAGO,1219,3.710418,74.159147,14.520098,63.494668,4.7579983593
89,2,202,20205,ALAJUELA,SAN RAMON,PIEDADES SUR,1078,3.467532,81.168831,6.400742,55.380334,3.0612244898
90,2,202,20212,ALAJUELA,SAN RAMON,ZAPOTAL,124,3.153226,79.032258,0.806452,56.451613,3.2258064516
91,2,210,21008,ALAJUELA,SAN CARLOS,TIGRA,1743,3.640275,74.125072,14.91681,56.339644,4.9340218015
92,2,211,21106,ALAJUELA,ZARCERO,ZAPOTE,193,3.829016,67.357513,7.772021,72.020725,8.8082901554
93,2,211,21102,ALAJUELA,ZARCERO,LAGUNA,463,3.615551,76.889849,12.095032,72.786177,1.7278617711
94,2,210,21003,ALAJUELA,SAN CARLOS,BUENAVISTA,92,3.532609,71.73913,10.869565,51.086957,6.5217391304
95,2,210,21002,ALAJUELA,SAN CARLOS,FLORENCIA,4299,3.521749,69.132356,16.35264,61.060712,4.5126773668
96,2,202,20208,ALAJUELA,SAN RAMON,ANGELES,2361,3.596357,72.469293,13.341804,59.678102,4.4472681067
97,2,211,21104,ALAJUELA,ZARCERO,GUADALUPE,295,3.891525,70.169492,13.220339,64.745763,3.7288135593
98,2,211,21103,ALAJUELA,ZARCERO,TAPEZCO,340,3.838235,76.470588,16.176471,71.764706,3.5294117647
99,2,211,21101,ALAJUELA,ZARCERO,ZARCERO,1168,3.387842,72.945205,20.376712,81.164384,1.4554794521
100,2,211,21107,ALAJUELA,ZARCERO,BRISAS,523,3.826004,75.717017,10.898662,73.422562,4.5889101338
101,2,210,21001,ALAJUELA,SAN CARLOS,QUESADA,12275,3.416375,66.452138,25.743381,71.022403,3.2179226069
102,2,210,21009,ALAJUELA,SAN CARLOS,PALMERA,1573,3.710108,67.005722,17.673236,62.682772,4.5772409409
103,2,211,21105,ALAJUELA,ZARCERO,PALMIRA,351,3.80057,68.376068,12.820513,62.962963,4.8433048433
104,2,210,21005,ALAJUELA,SAN CARLOS,VENECIA,2607,3.69697,65.861143,21.327196,61.871883,5.4468738013
105,2,212,21203,ALAJUELA,VALVERDE VEGA,TORO AMARILLO,88,3.090909,43.181818,20.454545,56.818182,1.1363636364
106,2,201,20114,ALAJUELA,ALAJUELA,SARAPIQUI,853,3.308324,68.815944,14.419695,62.602579,4.3376318875
107,2,208,20805,ALAJUELA,POAS,SABANA REDONDA,629,3.72496,56.279809,15.898251,47.376789,8.426073132
108,2,202,20206,ALAJUELA,SAN RAMON,SAN RAFAEL,2696,3.446588,75.408012,16.617211,72.403561,3.0044510386
109,2,206,20608,ALAJUELA,NARANJO,PALMITOS,1173,3.633419,85.16624,7.41688,71.696505,2.0460358056
110,2,215,21502,ALAJUELA,GUATUSO,BUENAVISTA,448,3.508929,69.866071,3.794643,37.946429,8.2589285714
111,2,215,21504,ALAJUELA,GUATUSO,KATIRA,1487,3.447209,72.02421,10.289173,40.753194,6.7249495629
112,3,308,30804,CARTAGO,GUARCO,PATIO DE AGUA,113,3.610619,95.575221,0.884956,69.026549,2.6548672566
113,3,302,30203,CARTAGO,PARAISO,OROSI,2348,3.868399,79.173765,8.858603,70.996593,2.8534923339
114,3,304,30403,CARTAGO,JIMENEZ,PEJIBAYE,930,3.489247,81.290323,10.752688,58.602151,1.8279569892
115,3,305,30502,CARTAGO,TURRIALBA,LA SUIZA,2232,3.399642,81.630824,9.767025,62.410394,2.1505376344
116,3,305,30507,CARTAGO,TURRIALBA,TUIS,867,3.268743,82.237601,8.189158,61.707036,1.7301038062
117,3,305,30508,CARTAGO,TURRIALBA,TAYUTIC,689,3.445573,80.986938,7.54717,58.92598,3.0478955007
118,3,305,30512,CARTAGO,TURRIALBA,CHIRRIPO,781,5.358515,83.098592,1.536492,27.016645,33.290653009
119,3,303,30308,CARTAGO,LA UNION,RIO AZUL,3116,3.853659,67.362003,26.251605,42.073171,9.8844672657
120,3,308,30803,CARTAGO,GUARCO,TOBOSI,1586,4.136192,77.364439,16.960908,70.807062,2.2698612863
121,3,303,30303,CARTAGO,LA UNION,SAN JUAN,4233,3.235294,77.604536,20.694543,88.684148,1.1339475549
122,3,303,30302,CARTAGO,LA UNION,SAN DIEGO,5764,3.745316,70.281055,24.583622,69.725885,4.7362942401
123,3,303,30304,CARTAGO,LA UNION,SAN RAFAEL,3754,3.794885,78.05008,14.544486,72.882259,4.9280767182
124,3,303,30301,CARTAGO,LA UNION,TRES RIOS,2627,3.548534,75.904073,19.566045,77.693186,1.674914351
125,3,308,30801,CARTAGO,EL GUARCO,TEJAR,6604,3.741066,76.665657,16.686856,79.391278,1.9382192611
126,3,301,30105,CARTAGO,CARTAGO,AGUACALIENTE,7828,4.004599,83.750639,12.915176,76.239142,2.4782830864
127,3,301,30109,CARTAGO,CARTAGO,DULCE NOMBRE,2880,3.638194,79.791667,16.284722,85.763889,2.2569444444
128,3,302,30205,CARTAGO,PARAISO,LLANOS DE SANTA LUCIA,3998,4.270385,81.74087,12.731366,62.431216,6.5782891446
129,3,301,30106,CARTAGO,CARTAGO,GUADALUPE,3870,3.755297,71.886305,21.21447,73.488372,3.0749354005
130,3,301,30102,CARTAGO,CARTAGO,OCCIDENTAL,2839,3.437478,77.985206,18.598098,82.317718,1.0919337795
131,3,301,30101,CARTAGO,CARTAGO,ORIENTAL,3642,3.282262,75.096101,21.114772,80.03844,0.85118067
132,3,301,30103,CARTAGO,CARTAGO,CARMEN,4630,3.75378,77.343413,13.261339,69.935205,3.4557235421
133,3,307,30701,CARTAGO,OREAMUNO,SAN RAFAEL,7103,3.826552,80.557511,12.712938,78.389413,3.5759538223
134,3,302,30201,CARTAGO,PARAISO,PARAISO,5478,3.733114,81.051479,13.234757,78.714859,2.9572836802
135,3,306,30602,CARTAGO,ALVARADO,CERVANTES,1585,3.916088,82.649842,8.580442,67.444795,2.8391167192
136,3,302,30204,CARTAGO,PARAISO,CACHI,1389,3.915047,86.105112,6.983441,65.87473,2.0158387329
137,3,304,30402,CARTAGO,JIMENEZ,TUCURRIQUE,1379,3.532995,81.145758,9.934735,46.84554,1.9579405366
138,3,306,30603,CARTAGO,ALVARADO,CAPELLADES,651,3.766513,82.949309,5.376344,76.036866,3.9938556068
139,3,304,30401,CARTAGO,JIMENEZ,JUAN VIÑAS,1804,3.623614,67.461197,7.760532,63.248337,2.1064301552
140,3,301,30104,CARTAGO,CARTAGO,SAN NICOLAS,6649,3.892766,69.484133,17.416153,66.340803,4.9631523537
141,3,301,30108,CARTAGO,CARTAGO,TIERRA BLANCA,1068,4.776217,87.078652,4.307116,76.404494,5.4307116105
142,3,307,30703,CARTAGO,OREAMUNO,POTRERO CERRADO,530,4.303774,80.754717,3.773585,74.339623,3.3962264151
143,3,307,30702,CARTAGO,OREAMUNO,COT,2095,4.588544,82.720764,7.828162,72.124105,6.1097852029
144,3,307,30705,CARTAGO,OREAMUNO,SANTA ROSA,608,4.299342,77.631579,4.605263,69.901316,2.6315789474
145,3,307,30704,CARTAGO,OREAMUNO,CIPRESES,896,4.129464,85.267857,7.924107,79.575893,3.125
146,3,302,30202,CARTAGO,PARAISO,SANTIAGO,1413,3.91649,75.725407,8.138712,68.011323,4.8832271762
147,3,306,30601,CARTAGO,ALVARADO,PACAYAS,1376,4.084302,82.485465,6.25,76.380814,3.0523255814
148,3,303,30306,CARTAGO,LA UNION,DULCE NOMBRE,1917,4.070423,70.213876,15.284298,57.43349,5.9989567032
149,3,301,30110,CARTAGO,CARTAGO,LLANO GRANDE,998,4.350701,81.863727,9.519038,71.442886,5.2104208417
150,3,303,30307,CARTAGO,LA UNION,SAN RAMON,1115,3.504036,75.426009,19.372197,76.412556,3.2286995516
151,3,303,30305,CARTAGO,LA UNION,CONCEPCION,4453,3.701325,75.005614,17.493824,66.943634,5.5917359084
152,3,305,30504,CARTAGO,TURRIALBA,SANTA CRUZ,951,3.373291,75.289169,7.150368,67.402734,2.2082018927
153,3,305,30509,CARTAGO,TURRIALBA,SANTA ROSA,1582,3.291403,82.490518,11.694058,73.261694,1.580278129
154,3,305,30505,CARTAGO,TURRIALBA,SANTA TERESITA,1453,3.264969,79.697178,5.987612,57.192017,2.4088093599
155,3,305,30503,CARTAGO,TURRIALBA,PERALTA,154,3.318182,75.324675,2.597403,39.61039,3.2467532468
156,3,305,30510,CARTAGO,TURRIALBA,TRES EQUIS,540,3.348148,75.185185,8.148148,45.185185,3.1481481481
157,3,301,30111,CARTAGO,CARTAGO,QUEBRADILLA,1359,3.935982,77.40986,13.3922,65.047829,2.8697571744
158,3,301,30107,CARTAGO,CARTAGO,CORRALILLO,2855,3.721891,87.460595,6.619965,71.383538,1.8914185639
159,3,305,30511,CARTAGO,TURRIALBA,LA ISABEL,1752,3.482306,78.767123,9.360731,66.267123,4.1666666667
160,3,305,30501,CARTAGO,TURRIALBA,TURRIALBA,8196,3.244754,74.023914,19.045876,72.279161,1.8179599805
161,3,305,30506,CARTAGO,TURRIALBA,PAVONES,1256,3.448248,80.971338,6.369427,56.130573,2.7866242038
162,3,308,30802,CARTAGO,EL GUARCO,SAN ISIDRO,2528,3.880142,76.621835,12.539557,58.900316,3.9556962025
163,5,509,50906,GUANACASTE,NANDAYURE,BEJUCO,868,3.483871,72.580645,5.069124,42.857143,4.6082949309
164,5,510,51001,GUANACASTE,LA CRUZ,LA CRUZ,2338,3.931565,73.695466,14.242943,47.476476,9.5380667237
165,5,510,51003,GUANACASTE,LA CRUZ,GARITA,413,4.084746,64.40678,7.263923,31.719128,10.411622276
166,5,510,51002,GUANACASTE,LA CRUZ,SANTA CECILIA,1496,4.181818,76.336898,9.425134,37.90107,12.1657754011
167,5,510,51004,GUANACASTE,LA CRUZ,SANTA ELENA,485,4.206186,77.113402,7.628866,33.195876,12.3711340206
168,5,501,50103,GUANACASTE,LIBERIA,MAYORGA,397,4.002519,63.72796,10.075567,45.59194,7.556675063
169,5,501,50104,GUANACASTE,LIBERIA,NACASCOLO,562,3.987544,70.284698,11.921708,60.498221,12.4555160142
170,5,501,50102,GUANACASTE,LIBERIA,CAÑAS DULCES,836,3.863636,77.15311,6.698565,58.492823,8.4928229665
171,5,501,50105,GUANACASTE,LIBERIA,CURUBANDE,677,3.720827,77.991137,10.635155,54.357459,11.6691285081
172,5,504,50403,GUANACASTE,BAGACES,MOGOTE,965,3.521244,65.07772,19.689119,60.103627,5.2849740933
173,5,504,50404,GUANACASTE,BAGACES,RIO NARANJO,328,3.091463,70.121951,18.292683,59.146341,2.4390243902
174,5,504,50402,GUANACASTE,BAGACES,FORTUNA,798,3.442356,68.546366,15.162907,61.904762,4.7619047619
175,5,506,50602,GUANACASTE,CAÑAS,PALMIRA,299,3.304348,72.575251,5.016722,61.204013,5.016722408
176,5,505,50503,GUANACASTE,CARRILLO,SARDINAL,4340,3.42788,67.419355,21.382488,64.700461,9.1935483871
177,5,505,50502,GUANACASTE,CARRILLO,PALMIRA,1376,3.936047,78.343023,15.406977,59.011628,7.4127906977
178,5,504,50401,GUANACASTE,BAGACES,BAGACES,3524,3.509364,68.132804,13.791146,48.893303,7.6049943246
179,5,506,50601,GUANACASTE,CAÑAS,CAÑAS,5662,3.667432,70.028259,21.299894,56.693748,7.4531967503
180,5,508,50804,GUANACASTE,TILARAN,SANTA ROSA,578,3.304498,73.183391,11.764706,66.955017,2.5951557093
181,5,503,50304,GUANACASTE,SANTA CRUZ,TEMPATE,1781,3.158338,65.805727,23.357664,64.626614,7.1869736103
182,5,503,50302,GUANACASTE,SANTA CRUZ,BOLSON,471,3.454352,85.138004,4.670913,42.462845,6.5817409766
183,5,502,50203,GUANACASTE,NICOYA,SAN ANTONIO,2049,3.241093,87.262079,2.586628,49.585163,5.270863836
184,5,503,50301,GUANACASTE,SANTA CRUZ,SANTA CRUZ,6127,3.509874,80.153419,12.567325,63.571079,5.3533540069
185,5,503,50305,GUANACASTE,SANTA CRUZ,CARTAGENA,1107,3.454381,79.584463,11.653117,73.712737,3.7940379404
186,5,505,50504,GUANACASTE,CARRILLO,BELEN,2348,3.756388,81.558773,10.221465,60.732538,8.6030664395
187,5,501,50101,GUANACASTE,LIBERIA,LIBERIA,14105,3.724566,70.301312,21.198157,66.082949,8.5572492024
188,5,505,50501,GUANACASTE,CARRILLO,FILADELFIA,2077,3.828117,79.008185,11.892152,58.064516,9.9181511796
189,5,508,50801,GUANACASTE,TILARAN,TILARAN,2623,3.303469,68.699962,23.293938,71.139916,2.6305756767
190,5,508,50805,GUANACASTE,TILARAN,LIBANO,260,3.326923,74.230769,6.923077,49.230769,1.5384615385
191,5,506,50605,GUANACASTE,CAÑAS,POROZAL,188,3.553191,69.148936,4.255319,38.297872,4.2553191489
192,5,506,50604,GUANACASTE,CAÑAS,BEBEDERO,537,3.867784,60.335196,21.973929,44.506518,16.9459962756
193,5,506,50603,GUANACASTE,CAÑAS,SAN MIGUEL,486,3.382716,69.753086,8.847737,45.884774,5.1440329218
194,5,503,50309,GUANACASTE,SANTA CRUZ,TAMARINDO,2075,3.06747,61.445783,30.650602,64.144578,7.0361445783
195,5,503,50308,GUANACASTE,SANTA CRUZ,CABO VELAS,1134,2.964727,59.78836,24.779541,64.373898,8.7301587302
196,5,503,50303,GUANACASTE,SANTA CRUZ,VEINTISIETE DE ABRIL,2166,3.253463,78.855032,8.310249,55.493998,6.1403508772
197,5,503,50306,GUANACASTE,SANTA CRUZ,CUAJINIQUIL,565,3.166372,74.336283,5.309735,38.584071,7.0796460177
198,5,502,50206,GUANACASTE,NICOYA,NOSARA,1454,3.377579,73.177442,13.686382,47.86795,10.0412654746
199,5,502,50207,GUANACASTE,NICOYA,BELEN DE NOSARITA,732,3.669399,82.103825,5.737705,54.098361,8.606557377
200,5,502,50201,GUANACASTE,NICOYA,NICOYA,7282,3.408542,80.59599,11.782477,61.507828,4.2158747597
201,5,503,50307,GUANACASTE,SANTA CRUZ,DIRIA,1219,3.203445,90.155865,3.609516,62.510254,4.347826087
202,5,502,50205,GUANACASTE,NICOYA,SAMARA,1063,3.301035,70.931326,12.605833,56.632173,6.1147695202
203,5,509,50901,GUANACASTE,NANDAYURE,CARMONA,746,3.290885,79.356568,14.879357,69.302949,1.7426273458
204,5,511,51101,GUANACASTE,HOJANCHA,HOJANCHA,1199,3.54045,84.487073,10.091743,65.471226,2.752293578
205,5,511,51102,GUANACASTE,HOJANCHA,MONTE ROMO,188,3.569149,87.765957,4.255319,35.638298,3.7234042553
206,5,509,50903,GUANACASTE,NANDAYURE,ZAPOTAL,362,3.356354,82.596685,4.972376,41.436464,3.0386740331
207,5,511,51103,GUANACASTE,HOJANCHA,PUERTO CARRILLO,444,3.545045,73.423423,5.855856,50.45045,3.3783783784
208,5,509,50905,GUANACASTE,NANDAYURE,PORVENIR,220,3.368182,83.181818,2.727273,42.272727,0
209,5,509,50904,GUANACASTE,NANDAYURE,SAN PABLO,673,3.279346,77.56315,8.766716,49.925706,5.4977711738
210,5,511,51104,GUANACASTE,HOJANCHA,HUACAS,197,3.588832,86.80203,6.598985,51.77665,3.0456852792
211,5,502,50204,GUANACASTE,NICOYA,QUEBRADA HONDA,765,3.298039,87.581699,2.222222,54.901961,3.7908496732
212,5,509,50902,GUANACASTE,NANDAYURE,SANTA RITA,438,3.30137,84.246575,6.621005,47.716895,5.2511415525
213,5,502,50202,GUANACASTE,NICOYA,MANSION,1693,3.376846,82.22091,4.370939,50.797401,3.8393384525
214,5,507,50701,GUANACASTE,ABANGARES,JUNTAS,2815,3.361989,72.575488,14.316163,52.326821,5.4351687389
215,5,507,50704,GUANACASTE,ABANGARES,COLORADO,1281,3.604215,74.31694,8.274785,43.091335,7.1038251366
216,5,507,50702,GUANACASTE,ABANGARES,SIERRA,715,3.288112,76.083916,9.93007,51.328671,4.3356643357
217,5,508,50803,GUANACASTE,TILARAN,TRONADORA,558,3.216846,64.516129,13.261649,62.18638,1.4336917563
218,5,508,50806,GUANACASTE,TILARAN,TIERRAS MORENAS,437,3.105263,77.116705,8.237986,67.505721,1.6018306636
219,5,508,50807,GUANACASTE,TILARAN,ARENAL,746,3.08311,68.49866,15.951743,65.147453,1.8766756032
220,5,508,50802,GUANACASTE,TILARAN,QUEBRADA GRANDE,816,3.308824,77.696078,9.068627,56.004902,3.9215686275
221,5,507,50703,GUANACASTE,ABANGARES,SAN JUAN,500,3.17,74,10.6,49,2.2
222,4,408,40803,HEREDIA,FLORES,LLORENTE,2409,3.64176,72.60274,23.785803,79.202989,3.2378580324
223,4,401,40104,HEREDIA,HEREDIA,ULLOA,8115,3.604067,72.606285,24.029575,79.864449,2.9821318546
224,4,401,40102,HEREDIA,HEREDIA,MERCEDES,7638,3.368552,70.960985,26.328882,85.598324,1.5579994763
225,4,403,40306,HEREDIA,SANTO DOMINGO,SANTA ROSA,2015,3.606948,68.883375,21.637717,72.109181,4.5161290323
226,4,403,40301,HEREDIA,SANTO DOMINGO,SANTO DOMINGO,1533,3.067841,69.863014,26.15786,82.648402,1.0437051533
227,4,403,40302,HEREDIA,SANTO DOMINGO,SAN VICENTE,1870,3.436898,74.919786,20.213904,86.737968,2.192513369
228,4,403,40305,HEREDIA,SANTO DOMINGO,SANTO TOMAS,1807,3.468179,75.484228,20.586608,82.844494,2.1029330382
229,4,403,40307,HEREDIA,SANTO DOMINGO,TURES,943,3.610817,62.672322,21.208908,67.020148,3.4994697773
230,4,403,40304,HEREDIA,SANTO DOMINGO,PARACITO,619,3.6042,71.728595,19.386107,72.213247,3.7156704362
231,4,404,40403,HEREDIA,SANTA BARBARA,SAN JUAN,2132,3.593809,72.232645,22.373358,77.298311,2.392120075
232,4,408,40802,HEREDIA,FLORES,BARRANTES,1209,3.382961,75.847808,18.693135,87.344913,1.406120761
233,4,408,40801,HEREDIA,FLORES,SAN JOAQUIN,2133,3.349742,73.089545,23.488045,84.857009,1.9221753399
234,4,404,40402,HEREDIA,SANTA BARBARA,SAN PEDRO,1569,3.557043,66.921606,27.087317,75.844487,2.9318036966
235,4,404,40404,HEREDIA,SANTA BARBARA,JESUS,2599,3.690265,69.64217,21.623701,73.52828,3.3859176606
236,4,404,40405,HEREDIA,SANTA BARBARA,SANTO DOMINGO,813,3.541205,61.99262,20.418204,71.709717,4.0590405904
237,4,404,40406,HEREDIA,SANTA BARBARA,PURABA,1264,3.61788,75.949367,16.060127,75.158228,4.5886075949
238,4,401,40103,HEREDIA,HEREDIA,SAN FRANCISCO,13163,3.737522,71.776951,19.76753,72.278356,6.9285117374
239,4,402,40202,HEREDIA,BARVA,SAN PEDRO,2690,3.692193,72.081784,21.858736,72.67658,2.8996282528
240,4,402,40204,HEREDIA,BARVA,SAN ROQUE,1351,3.419689,77.49815,20.059215,85.122132,1.2583271651
241,4,401,40101,HEREDIA,HEREDIA,HEREDIA,6091,3.023641,61.303563,35.478575,80.200296,1.5925135446
242,4,405,40503,HEREDIA,SAN RAFAEL,SANTIAGO,2342,3.58924,65.969257,30.828352,78.650726,2.9888983775
243,4,402,40201,HEREDIA,BARVA,BARVA,1442,3.465326,73.786408,22.468793,84.188627,1.4563106796
244,4,405,40501,HEREDIA,SAN RAFAEL,SAN RAFAEL,2758,3.496737,65.083394,31.472081,75.416969,3.0094271211
245,4,405,40502,HEREDIA,SAN RAFAEL,SAN JOSECITO,3232,3.578899,66.460396,28.681931,69.306931,3.2178217822
246,4,405,40504,HEREDIA,SAN RAFAEL,ANGELES,2926,3.48838,73.444976,16.541353,74.709501,2.8366370472
247,4,402,40205,HEREDIA,BARVA,SANTA LUCIA,2141,3.461,74.124241,22.512844,83.79262,2.3820644559
248,4,402,40203,HEREDIA,BARVA,SAN PABLO,2236,3.715564,76.028623,17.978533,76.699463,2.9069767442
249,4,402,40206,HEREDIA,BARVA,SAN JOSE DE LA MONTAÑA,1431,3.674354,70.300489,14.255765,73.305381,2.7253668763
250,4,406,40604,HEREDIA,SAN ISIDRO,SAN FRANCISCO,1226,3.619902,69.412724,22.675367,71.37031,2.9363784666
251,4,405,40505,HEREDIA,SAN RAFAEL,CONCEPCIÓN,1699,3.57681,73.396115,15.479694,73.984697,3.3549146557
252,4,406,40602,HEREDIA,SAN ISIDRO,SAN JOSE,2088,3.539272,75.574713,15.900383,78.017241,2.1551724138
253,4,406,40603,HEREDIA,SAN ISIDRO,CONCEPCIÓN,778,3.385604,75.706941,16.838046,75.706941,2.6992287918
254,4,406,40601,HEREDIA,SAN ISIDRO,SAN ISIDRO,1715,3.547522,72.653061,22.565598,79.067055,2.2157434402
255,4,403,40308,HEREDIA,SANTO DOMINGO,PARA,948,3.515823,73.523207,20.991561,72.995781,4.3248945148
256,4,403,40303,HEREDIA,SANTO DOMINGO,SAN MIGUEL,1761,3.609313,73.253833,19.931857,74.27598,3.1232254401
257,4,407,40703,HEREDIA,BELEN,ASUNCION,1610,3.501242,76.149068,21.801242,90.062112,2.6086956522
258,4,407,40701,HEREDIA,BELEN,SAN ANTONIO,2710,3.667897,75.202952,21.808118,79.889299,2.9151291513
259,4,407,40702,HEREDIA,BELEN,LA RIBERA,1691,3.538143,68.12537,27.084565,79.479598,3.3116499113
260,4,410,41005,HEREDIA,SARAPIQUI,CUREÑA,256,3.714844,63.28125,1.953125,31.640625,12.5
261,4,410,41002,HEREDIA,SARAPIQUI,VIRGEN,3058,3.430674,63.374755,18.181818,44.571615,7.9136690647
262,4,410,41001,HEREDIA,SARAPIQUI,PUERTO VIEJO,5186,3.85268,55.013498,16.949479,41.785577,13.1893559583
263,4,410,41004,HEREDIA,SARAPIQUI,LLANURAS DEL GASPAR,308,3.636364,57.792208,2.272727,30.519481,11.3636363636
264,4,410,41003,HEREDIA,SARAPIQUI,HORQUETAS,6960,3.486351,68.793103,13.793103,47.974138,6.4511494253
265,4,401,40105,HEREDIA,HEREDIA,VARA BLANCA,209,3.349282,52.15311,7.177033,49.760766,3.8277511962
266,4,409,40901,HEREDIA,SAN PABLO,SAN PABLO,5557,3.488393,71.69336,23.825805,81.320857,3.0951952492
267,4,409,40902,HEREDIA,SAN PABLO,RINCON DE SABANILLA,2449,3.34218,73.213557,23.723969,84.646795,1.5516537362
268,4,404,40401,HEREDIA,SANTA BARBARA,SANTA BARBARA,1730,3.435838,69.479769,26.127168,83.179191,1.2716763006
269,7,705,70501,LIMON,MATINA,MATINA,2453,3.712597,68.161435,18.711781,33.958418,9.7024052181
270,7,704,70404,LIMON,TALAMANCA,TELIRE,1405,4.441281,91.886121,0.782918,45.124555,22.3487544484
271,7,704,70401,LIMON,TALAMANCA,BRATSI,1957,3.727133,79.305059,9.657639,49.770056,11.3949923352
272,7,704,70403,LIMON,TALAMANCA,CAHUITA,2538,3.262411,65.090623,20.606777,52.088258,10.9929078014
273,7,702,70206,LIMON,POCOCI,COLORADO,1205,3.307054,59.3361,13.775934,38.921162,9.7925311203
274,7,706,70604,LIMON,GUACIMO,RIO JIMENEZ,2448,3.563725,70.751634,13.562092,44.281046,7.4754901961
275,7,701,70101,LIMON,LIMON,LIMON,18061,3.370799,69.387077,22.811583,58.440839,6.5555617075
276,7,701,70103,LIMON,LIMON,RIO BLANCO,2139,3.691912,74.100047,12.57597,39.457691,7.9943899018
277,7,701,70104,LIMON,LIMON,MATAMA,2010,3.539801,73.18408,11.044776,34.278607,8.7064676617
278,7,703,70303,LIMON,SIQUIRRES,FLORIDA,637,3.428571,76.295133,4.866562,47.409733,6.4364207221
279,7,703,70301,LIMON,SIQUIRRES,SIQUIRRES,9078,3.470037,64.540648,18.990967,48.667107,5.8823529412
280,7,703,70302,LIMON,SIQUIRRES,PACUARITO,2376,3.626263,52.56734,12.457912,43.686869,6.6919191919
281,7,705,70502,LIMON,MATINA,BATAN,4646,3.5452,69.349978,16.293586,39.044339,8.9108910891
282,7,705,70503,LIMON,MATINA,CARRANDI,3311,3.55965,53.639384,24.252492,36.786469,13.1984294775
283,7,703,70306,LIMON,SIQUIRRES,ALEGRIA,1643,3.442483,79.732197,10.529519,58.003652,4.5648204504
284,7,703,70304,LIMON,SIQUIRRES,GERMANIA,756,3.268519,69.047619,13.095238,46.428571,3.835978836
285,7,703,70305,LIMON,SIQUIRRES,CAIRO,1716,3.543706,72.377622,13.811189,43.881119,6.9347319347
286,7,706,70601,LIMON,GUACIMO,GUACIMO,5335,3.429053,70.515464,19.062793,58.556701,4.5735707591
287,7,706,70602,LIMON,GUACIMO,MERCEDES,437,3.308924,61.098398,16.704805,50.343249,4.118993135
288,7,706,70603,LIMON,GUACIMO,POCORA,1906,3.374607,69.674711,19.727177,43.966422,5.7712486884
289,7,702,70202,LIMON,POCOCI,JIMENEZ,3039,3.445541,67.884172,17.308325,59.986838,5.3636064495
290,7,702,70201,LIMON,POCOCI,GUAPILES,10787,3.376657,65.532586,27.143784,66.811903,4.0140910355
291,7,702,70205,LIMON,POCOCI,CARIARI,9758,3.496208,69.378971,16.857963,47.981144,6.3537610166
292,7,702,70203,LIMON,POCOCI,RITA,6925,3.469458,68.418773,11.393502,40.823105,7.2346570397
293,7,702,70204,LIMON,POCOCI,ROXANA,4524,3.602122,63.969938,12.621574,39.168877,9.7701149425
294,7,706,70605,LIMON,GUACIMO,DUACARI,1671,3.625374,58.408139,17.1155,48.055057,6.9419509276
295,7,701,70102,LIMON,LIMON,VALLE LA ESTRELLA,4456,4.014138,73.653501,7.921903,34.762118,15.1929982047
296,7,704,70402,LIMON,TALAMANCA,SIXAOLA,2099,4.204383,55.359695,8.670796,28.58504,14.8642210576
297,6,611,61101,PUNTARENAS,GARABITO,JACO,3634,3.213539,41.524491,42.432581,63.098514,15.3274628509
298,6,611,61102,PUNTARENAS,GARABITO,TARCOLES,1679,3.301965,54.675402,25.253127,57.891602,7.5044669446
299,6,601,60111,PUNTARENAS,PUNTARENAS,COBANO,2364,3.169628,60.152284,20.516074,51.861252,7.3604060914
300,6,601,60105,PUNTARENAS,PUNTARENAS,PAQUERA,2006,3.332004,73.479561,12.063809,52.741775,5.4835493519
301,6,601,60102,PUNTARENAS,PUNTARENAS,PITAHAYA,609,3.612479,72.085386,3.776683,34.811166,13.4646962233
302,6,601,60115,PUNTARENAS,PUNTARENAS,EL ROBLE,4334,3.498846,73.811721,14.443932,60.313798,8.5140747577
303,6,601,60112,PUNTARENAS,PUNTARENAS,CHACARITA,4952,3.512116,70.193861,16.498384,46.001616,9.8546042003
304,6,601,60104,PUNTARENAS,PUNTARENAS,LEPANTO,2794,3.38869,79.599141,7.551897,43.951324,6.2276306371
305,6,601,60101,PUNTARENAS,PUNTARENAS,PUNTARENAS,2726,3.049156,60.638298,31.034483,67.131328,4.1819515774
306,6,601,60106,PUNTARENAS,PUNTARENAS,MANZANILLO,783,3.587484,75.478927,3.320562,28.224777,13.9208173691
307,6,601,60113,PUNTARENAS,PUNTARENAS,CHIRA,435,3.622989,91.494253,1.609195,24.827586,10.1149425287
308,6,601,60109,PUNTARENAS,PUNTARENAS,MONTE  VERDE,1280,3.246094,65.46875,28.203125,67.65625,5.234375
309,6,601,60114,PUNTARENAS,PUNTARENAS,ACAPULCO,396,3.272727,72.979798,9.343434,47.474747,3.7878787879
310,6,601,60103,PUNTARENAS,PUNTARENAS,CHOMES,1608,3.432836,74.004975,7.089552,45.957711,9.7014925373
311,6,604,60402,PUNTARENAS,MONTES DE ORO,UNION,398,3.138191,82.914573,5.527638,54.522613,2.7638190955
312,6,604,60401,PUNTARENAS,MONTES DE ORO,MIRAMAR,2559,3.231731,75.34193,17.037905,67.409144,3.0871434154
313,6,604,60403,PUNTARENAS,MONTES DE ORO,SAN ISIDRO,972,3.501029,78.703704,12.55144,52.983539,6.6872427984
314,6,601,60107,PUNTARENAS,PUNTARENAS,GUACIMAL,302,3.056291,74.503311,3.97351,38.741722,7.6158940397
315,6,602,60203,PUNTARENAS,ESPARZA,MACACONA,1385,3.423105,76.462094,15.306859,73.574007,1.5884476534
316,6,602,60201,PUNTARENAS,ESPARZA,ESPIRITU SANTO,4602,3.408518,73.772273,17.405476,60.29987,4.0199913081
317,6,602,60202,PUNTARENAS,ESPARZA,SAN JUAN GRANDE,1791,3.424344,63.204913,9.268565,47.906198,9.6035734227
318,6,602,60204,PUNTARENAS,ESPARZA,SAN RAFAEL,416,3.110577,76.682692,6.490385,58.894231,1.9230769231
319,6,601,60108,PUNTARENAS,PUNTARENAS,BARRANCA,8452,3.621155,75.911027,17.155703,50.035495,7.9981069569
320,6,602,60205,PUNTARENAS,ESPARZA,SAN JERONIMO,241,3.070539,73.029046,4.979253,46.473029,2.0746887967
321,6,601,60116,PUNTARENAS,PUNTARENAS,ARANCIBIA,187,3.55615,77.540107,1.604278,28.342246,5.8823529412
322,6,606,60603,PUNTARENAS,AGUIRRE,NARANJITO,1121,3.279215,69.937556,15.254237,46.297948,7.314897413
323,6,606,60602,PUNTARENAS,AGUIRRE,SAVEGRE,1025,3.242927,64.292683,12.682927,42.536585,5.6585365854
324,6,603,60309,PUNTARENAS,BUENOS AIRES,BRUNKA,854,3.770492,70.257611,13.23185,43.559719,10.0702576112
325,6,605,60504,PUNTARENAS,OSA,BAHIA BALLENA,1093,3.023788,54.986276,20.128088,58.279963,8.417200366
326,6,603,60302,PUNTARENAS,BUENOS AIRES,VOLCAN,1075,3.536744,68.55814,12.465116,33.488372,7.4418604651
327,6,608,60802,PUNTARENAS,COTO BRUS,SABALITO,3082,3.563595,68.689163,6.846204,44.873459,6.0350421804
328,6,608,60805,PUNTARENAS,COTO BRUS,PITTIER,766,3.600522,71.148825,1.697128,32.637076,7.3107049608
329,6,603,60305,PUNTARENAS,BUENOS AIRES,PILAS,422,3.93128,79.85782,4.739336,34.36019,7.8199052133
330,6,603,60306,PUNTARENAS,BUENOS AIRES,COLINAS,397,3.453401,79.345088,3.02267,47.103275,5.5415617128
331,6,605,60501,PUNTARENAS,OSA,PUERTO CORTES,2437,3.258925,69.26549,14.402954,51.908084,5.7858022158
332,6,603,60304,PUNTARENAS,BUENOS AIRES,BORUCA,841,3.653983,78.359096,1.783591,41.022592,7.372175981
333,6,603,60301,PUNTARENAS,BUENOS AIRES,BUENOS AIRES,5683,3.700862,67.429175,20.992434,51.293331,9.2556748196
334,6,605,60502,PUNTARENAS,OSA,PALMAR,2843,3.437566,57.966936,12.768203,38.797045,5.6630320084
335,6,605,60505,PUNTARENAS,OSA,PIEDRAS BLANCAS,1220,3.381967,69.42623,4.590164,32.295082,6.1475409836
336,6,603,60303,PUNTARENAS,BUENOS AIRES,POTRERO GRANDE,1607,3.702551,80.024891,4.418171,34.038581,10.4542626011
337,6,603,60307,PUNTARENAS,BUENOS AIRES,CHANGUENA,645,4.07907,81.395349,2.170543,23.875969,16.1240310078
338,6,603,60308,PUNTARENAS,BUENOS AIRES,BIOLLEY,681,3.604993,74.449339,2.0558,28.193833,6.7547723935
339,6,608,60801,PUNTARENAS,COTO BRUS,SAN VITO,4345,3.373533,70.540852,13.785961,52.957422,3.8204833142
340,6,608,60804,PUNTARENAS,COTO BRUS,LIMONCITO,923,3.890574,79.848321,5.742145,38.244854,10.9425785482
341,6,607,60702,PUNTARENAS,GOLFITO,PUERTO JIMENEZ,2784,3.148348,64.762931,15.984195,45.29454,7.6867816092
342,6,607,60701,PUNTARENAS,GOLFITO,GOLFITO,3339,3.369272,72.716382,15.303983,51.242887,6.498951782
343,6,607,60703,PUNTARENAS,GOLFITO,GUAYCARA,3772,3.418611,66.728526,14.95228,42.338282,5.9650053022
344,6,608,60803,PUNTARENAS,COTO BRUS,AGUA BUENA,1820,3.453846,78.296703,8.186813,43.736264,2.6923076923
345,6,607,60704,PUNTARENAS,GOLFITO,PAVON,1681,3.661511,74.301011,4.997026,38.429506,10.5294467579
346,6,610,61001,PUNTARENAS,CORREDORES,CORRERDOR,4936,3.486021,67.220421,15.538898,46.252026,5.9967585089
347,6,610,61003,PUNTARENAS,CORREDORES,CANOAS,3192,3.605263,77.380952,13.62782,50.281955,8.4899749373
348,6,610,61002,PUNTARENAS,CORREDORES,LA CUESTA,1142,3.41944,73.292469,14.535902,51.576182,7.4430823117
349,6,610,61004,PUNTARENAS,CORREDORES,LAUREL,2579,3.54556,73.361768,6.514153,37.689027,7.8712679333
350,6,605,60503,PUNTARENAS,OSA,SIERPE,1311,3.20061,69.946606,8.848207,34.324943,7.1700991609
351,6,609,60901,PUNTARENAS,PARRITA,PARRITA,4833,3.320505,62.362922,13.449203,51.43803,6.2693978895
352,6,606,60601,PUNTARENAS,AGUIRRE,QUEPOS,5948,3.334902,53.866846,24.512441,49.041695,8.8433086752
353,1,116,11603,SAN JOSE,TURRUBARES,SAN JUAN DE MATA,344,3.386628,75.581395,3.197674,34.593023,5.2325581395
354,1,116,11605,SAN JOSE,TURRUBARES,CARARA,541,3.345656,70.055453,6.469501,43.622921,4.9907578558
355,1,116,11604,SAN JOSE,TURRUBARES,SAN LUIS,162,3.191358,75.925926,5.555556,31.481481,1.8518518519
356,1,107,10703,SAN JOSE,MORA,TABARCIA,1368,3.437135,80.847953,8.040936,53.581871,6.2865497076
357,1,104,10405,SAN JOSE,PURISCAL,SAN RAFAEL,550,3.145455,86.727273,7.090909,61.090909,1.0909090909
358,1,104,10401,SAN JOSE,PURISCAL,SANTIAGO,3442,3.323359,79.372458,15.107496,69.203951,1.481696688
359,1,112,11202,SAN JOSE,ACOSTA,GUAITIL,718,3.350975,91.643454,2.785515,58.077994,1.2534818942
360,1,104,10406,SAN JOSE,PURISCAL,CANDELARITA,384,3.739583,90.364583,2.604167,58.59375,2.6041666667
361,1,104,10409,SAN JOSE,PURISCAL,CHIRES,909,3.334433,76.347635,5.720572,51.705171,3.0803080308
362,1,112,11203,SAN JOSE,ACOSTA,PALMICHAL,1299,3.526559,85.450346,6.466513,61.816782,3.3102386451
363,1,112,11201,SAN JOSE,ACOSTA,SAN IGNACIO,2559,3.509183,85.65846,9.808519,69.519343,2.2665103556
364,1,112,11204,SAN JOSE,ACOSTA,CANGREJAL,573,3.270506,91.972077,2.094241,53.054101,4.537521815
365,1,112,11205,SAN JOSE,ACOSTA,SABANILLAS,722,3.227147,87.811634,1.246537,38.088643,3.0470914127
366,1,106,10603,SAN JOSE,ASERRI,VUELTA DE JORCO,1873,3.469834,83.07528,9.289909,62.680192,2.4559530166
367,1,106,10604,SAN JOSE,ASERRI,SAN GABRIEL,1698,3.56066,77.679623,12.956419,58.303887,3.4157832744
368,1,106,10602,SAN JOSE,ASERRI,TARBACA,393,3.679389,81.424936,6.361323,57.506361,3.5623409669
369,1,103,10309,SAN JOSE,DESAMPARADOS,ROSARIO,884,3.492081,81.447964,5.542986,59.049774,3.1674208145
370,1,120,12001,SAN JOSE,LEON CORTES,SAN PABLO,1187,3.545914,71.524853,13.984836,65.122157,3.5383319292
371,1,120,12004,SAN JOSE,LEON CORTES,SAN ISIDRO,403,3.796526,81.141439,3.225806,47.64268,4.2183622829
372,1,120,12003,SAN JOSE,LEON CORTES,LLANO BONITO,574,3.6777,83.797909,3.135889,45.818815,2.9616724739
373,1,106,10605,SAN JOSE,ASERRI,LEGUA,399,3.81203,82.957393,3.759398,59.649123,3.007518797
374,1,106,10606,SAN JOSE,ASERRI,MONTERREY,143,3.482517,75.524476,2.097902,55.944056,7.6923076923
375,1,103,10308,SAN JOSE,DESAMPARADOS,SAN CRISTOBAL,1031,3.787585,85.257032,4.364694,67.507274,2.2308438409
376,1,103,10306,SAN JOSE,DESAMPARADOS,FRAILES,1040,3.609615,81.538462,7.403846,55.384615,1.7307692308
377,1,120,12006,SAN JOSE,LEON CORTES,SAN ANTONIO,303,3.650165,86.79868,2.640264,60.726073,0.6600660066
378,1,120,12002,SAN JOSE,LEON CORTES,SAN ANDRES,446,3.538117,86.995516,1.345291,66.143498,1.3452914798
379,1,120,12005,SAN JOSE,LEON CORTES,SANTA CRUZ,464,3.588362,81.25,1.293103,51.508621,0.8620689655
380,1,117,11701,SAN JOSE,DOTA,SANTA MARIA,1306,3.513783,73.277182,15.620214,76.646248,2.8330781011
381,1,105,10501,SAN JOSE,TARRAZU,SAN MARCOS,2878,3.471508,74.913134,15.531619,70.743572,1.7373175817
382,1,117,11703,SAN JOSE,DOTA,COPEY,499,3.613226,78.156313,6.412826,69.338677,2.2044088176
383,1,116,11602,SAN JOSE,TURRUBARES,SAN PEDRO,208,3.105769,67.788462,6.25,57.692308,2.4038461538
384,1,116,11601,SAN JOSE,TURRUBARES,SAN PABLO,424,3.200472,78.301887,8.490566,53.773585,1.4150943396
385,1,104,10402,SAN JOSE,PURISCAL,MERCEDES SUR,1774,3.304961,82.468997,10.090192,63.979707,2.0856820744
386,1,104,10403,SAN JOSE,PURISCAL,BARBACOAS,1062,3.47646,86.440678,8.097928,68.832392,2.0715630885
387,1,104,10404,SAN JOSE,PURISCAL,GRIFO ALTO,347,3.40634,88.760807,3.458213,67.723343,1.7291066282
388,1,104,10408,SAN JOSE,PURISCAL,SAN ANTONIO,1121,3.468332,77.163247,9.812667,61.106155,4.6387154326
389,1,107,10702,SAN JOSE,MORA,GUAYABO,1269,3.50591,80.614657,13.081166,61.229314,3.4672970843
390,1,110,11003,SAN JOSE,ALAJUELITA,SAN ANTONIO,1322,3.58472,61.951589,30.484115,56.656581,7.3373676248
391,1,104,10407,SAN JOSE,PURISCAL,DESAMPARADITOS,198,3.363636,86.363636,5.050505,57.070707,1.0101010101
392,1,107,10704,SAN JOSE,MORA,PIEDRAS NEGRAS,115,3.295652,71.304348,3.478261,59.130435,5.2173913043
393,1,109,10902,SAN JOSE,SANTA ANA,SALITRAL,1149,3.736292,55.526545,31.157528,58.572672,8.0069625762
394,1,102,10201,SAN JOSE,ESCAZU,ESCAZU,3527,3.378792,67.337681,26.935072,70.031188,4.9900765523
395,1,102,10202,SAN JOSE,ESCAZU,SAN ANTONIO,6166,3.648881,69.656179,24.618878,66.007136,4.1518001946
396,1,101,10110,SAN JOSE,SAN JOSE,HATILLO,13949,3.619041,71.954979,23.844003,62.671159,4.4160871747
397,1,110,11005,SAN JOSE,ALAJUELITA,SAN FELIPE,7576,4.173046,66.275079,18.532207,51.24076,10.3748680042
398,1,110,11002,SAN JOSE,ALAJUELITA,SAN JOSECITO,2846,3.683064,62.262825,33.239635,64.441321,6.2192550949
399,1,106,10601,SAN JOSE,ASERRI,ASERRI,7895,3.563395,64.952502,29.487017,66.041799,4.3571880937
400,1,103,10303,SAN JOSE,DESAMPARADOS,SAN JUAN DE DIOS,5204,3.743274,62.298232,31.667948,62.471176,7.2444273636
401,1,106,10607,SAN JOSE,ASERRI,SALITRILLOS,3719,3.676795,67.491261,23.393385,57.838129,6.1844581877
402,1,103,10302,SAN JOSE,DESAMPARADOS,SAN MIGUEL,8547,3.717328,71.510472,22.662923,67.204867,3.9663039663
403,1,103,10304,SAN JOSE,DESAMPARADOS,SAN RAFAEL ARRIBA,4122,3.537361,67.491509,26.710335,72.197962,3.8573508006
404,1,103,10312,SAN JOSE,DESAMPARADOS,GRAVILIAS,4581,3.279415,71.228989,25.69308,77.843266,1.528050644
405,1,103,10311,SAN JOSE,DESAMAPARADOS,SAN RAFAEL ABAJO,6509,3.575972,62.528806,33.230911,66.615456,5.6383469043
406,1,103,10301,SAN JOSE,DESAMPARADOS,DESAMPARADOS,9974,3.385302,64.988971,30.780028,69.390415,4.0104271105
407,1,101,10106,SAN JOSE,SAN JOSE,SAN FRANCISCO DE DOS RIOS,6281,3.210476,66.120045,30.886801,82.295813,2.0219710237
408,1,110,11004,SAN JOSE,ALAJUELITA,CONCEPCION,4882,3.831831,59.156084,35.272429,55.960672,8.4186808685
409,1,110,11001,SAN JOSE,ALAJUELITA,ALAJUELITA,3206,3.735496,70.929507,25.358702,69.369931,6.082345602
410,1,101,10111,SAN JOSE,SAN JOSE,SAN SEBASTIAN,11389,3.515058,61.216964,33.664062,65.141803,5.9004302397
411,1,118,11801,SAN JOSE,CURRIDABAT,CURRIDABAT,9198,3.124918,68.297456,27.364644,82.061318,2.3918243096
412,1,101,10105,SAN JOSE,SAN JOSE,ZAPOTE,5913,3.147133,64.501945,31.540673,73.820396,2.3845763572
413,1,103,10305,SAN JOSE,DESAMPARADOS,SAN ANTONIO,2996,3.242323,69.259012,27.736983,79.372497,2.1695594126
414,1,103,10310,SAN JOSE,DESAMPARADOS,DAMAS,3611,3.647466,73.497646,23.206868,70.036001,2.4923843811
415,1,103,10313,SAN JOSE,DESAMPARADOS,LOS GUIDO,5668,4.251588,69.777699,14.043754,43.525053,11.6266760762
416,1,103,10307,SAN JOSE,DESAMPARADOS,PATARRA,3188,3.717691,70.075282,23.619824,59.567127,5.7716436637
417,1,118,11803,SAN JOSE,CURRIDABAT,SANCHEZ,1595,3.363009,80.564263,15.23511,94.858934,0.6896551724
418,1,118,11804,SAN JOSE,CURRIDABAT,TIRRASES,4222,3.83207,60.11369,26.480341,48.081478,10.8716248224
419,1,109,10906,SAN JOSE,SANTA ANA,BRASIL,703,3.678521,72.830725,21.479374,64.58037,6.4011379801
420,1,109,10905,SAN JOSE,SANTA ANA, PIEDADES,2348,3.439523,70.48552,22.74276,73.211244,3.6201022147
421,1,109,10904,SAN JOSE,SANTA ANA,URUCA,2153,3.305156,67.394333,26.660474,76.776591,4.8769159313
422,1,109,10901,SAN JOSE,SANTA ANA,SANTA ANA,3525,3.181277,67.347518,27.886525,80.822695,1.9574468085
423,1,109,10903,SAN JOSE,SANTA ANA,POZOS,4357,3.564838,71.815469,24.535231,82.442047,3.2132201056
424,1,101,10109,SAN JOSE,SAN JOSE,PAVAS,18814,3.777559,65.584139,24.917615,60.726055,8.116296375
425,1,102,10203,SAN JOSE,ESCAZU,SAN RAFAEL,6872,3.192666,70.619907,26.105937,84.051222,2.8667054715
426,1,101,10108,SAN JOSE,SAN JOSE,MATA REDONDA,2893,2.866574,61.596958,34.87729,82.509506,2.1431040442
427,1,113,11304,SAN JOSE,TIBAS,LEON XIII,3360,4.058631,66.517857,18.571429,41.071429,8.9285714286
428,1,101,10102,SAN JOSE,SAN JOSE,MERCED,3669,3.307441,38.511856,54.701554,57.454347,9.8664486236
429,1,101,10103,SAN JOSE,SAN JOSE,HOSPITAL,5174,3.614418,46.405102,47.603402,49.980673,8.9099342868
430,1,101,10104,SAN JOSE,SAN JOSE,CATEDRAL,4390,2.92164,41.161731,54.715262,62.892938,4.8291571754
431,1,101,10101,SAN JOSE,SAN JOSE,CARMEN,1042,2.548944,54.414587,40.786948,76.775432,0.9596928983
432,1,113,11302,SAN JOSE,TIBAS,CINCO ESQUINAS,1612,3.675558,46.33995,48.076923,49.627792,8.1265508685
433,1,108,10802,SAN JOSE,GOICOECHEA,SAN FRANCISCO,631,3.207607,53.248811,41.045959,63.549921,5.3882725832
434,1,108,10803,SAN JOSE,GOICOECHEA,CALLE BLANCOS,5516,3.42422,59.209572,30.166788,68.382886,5.511240029
435,1,113,11303,SAN JOSE,TIBAS,ANSELMO LLORENTE,3106,3.18416,71.66774,25.7566,82.936252,1.2234385061
436,1,108,10801,SAN JOSE,GOICOECHEA,GUADALUPE,6448,3.164392,62.887717,33.576303,72.316998,2.0006203474
437,1,115,11503,SAN JOSE,MONTES DE OCA,MERCEDES,1775,2.637746,45.464789,51.323944,82.704225,2.2535211268
438,1,115,11501,SAN JOSE,MONTES DE OCA,SAN PEDRO,8548,2.775152,55.381376,41.038839,80.007019,1.4974262985
439,1,108,10804,SAN JOSE,GOICOECHEA,MATA DE PLATANO,5044,3.443299,71.570182,24.226804,79.44092,2.39888977
440,1,115,11504,SAN JOSE,MONTES DE OCA,SAN RAFAEL,2750,3.507636,70.909091,23.636364,72.290909,4.2181818182
441,1,118,11802,SAN JOSE,CURRIDABAT,GRANADILLA,4131,3.571048,69.426289,26.482692,76.397967,3.29218107
442,1,115,11502,SAN JOSE,MONTES DE OCA,SABANILLA,3516,3.058305,69.96587,26.535836,84.186576,1.5642775882
443,1,101,10107,SAN JOSE,SAN JOSE,URUCA,8389,3.777327,36.631303,23.220884,49.588747,16.2593872929
444,1,113,11305,SAN JOSE,TIBAS,COLIMA,4076,3.318204,66.143278,30.004907,79.857704,2.5024533857
445,1,113,11301,SAN JOSE,TIBAS,SAN JUAN,7006,3.102198,63.788182,31.972595,78.604054,1.7270910648
446,1,114,11401,SAN JOSE,MORAVIA,SAN VICENTE,9660,3.186128,69.451346,26.956522,83.074534,1.8115942029
447,1,108,10805,SAN JOSE,GOICOECHEA,IPIS,7150,3.635385,72.615385,22.965035,68.937063,3.7902097902
448,1,108,10807,SAN JOSE,GOICOECHEA,PURRAL,7071,3.882619,67.048508,22.358931,55.66398,7.2408428794
449,1,108,10806,SAN JOSE,GOICOECHEA,RANCHO REDONDO,660,3.845455,71.212121,15.454545,62.575758,4.0909090909
450,1,111,11101,SAN JOSE,VAZQUEZ DE CORONADO,SAN ISIDRO,4885,3.398567,72.384852,19.836233,78.915046,2.0061412487
451,1,111,11102,SAN JOSE,VAZQUEZ DE CORONADO,SAN RAFAEL,1922,3.626431,71.852237,14.932362,65.868887,3.4859521332
452,1,111,11105,SAN JOSE,VAZQUEZ DE CORONADO,CASCAJAL,1814,3.685777,69.735391,13.175303,57.828004,3.8588754135
453,1,114,11402,SAN JOSE,MORAVIA,SAN JERONIMO,1733,3.551068,70.109636,18.869013,62.319677,4.0969417196
454,1,114,11403,SAN JOSE,MORAVIA,TRINIDAD,5481,3.604634,74.457216,21.601897,76.31819,3.5577449371
455,1,111,11104,SAN JOSE,VAZQUEZ DE CORONADO,PATALILLO,5879,3.461303,73.583943,23.082157,77.12196,1.8880762034
456,1,107,10701,SAN JOSE,MORA,COLON,4813,3.339289,73.633908,20.777062,75.898608,1.9530438396
457,1,107,10705,SAN JOSE,MORA,PICAGRES,217,3.110599,85.714286,1.843318,55.760369,0.9216589862
458,1,111,11103,SAN JOSE,VAZQUEZ DE CORONADO,DULCE NOMBRE DE JESUS,2655,3.66742,72.99435,20.979284,69.340866,3.3898305085
459,1,117,11702,SAN JOSE,DOTA,JARDIN,147,3.564626,71.428571,4.081633,70.068027,2.7210884354
460,1,105,10503,SAN JOSE,TARRAZU,SAN CARLOS,472,4.010593,84.957627,4.025424,63.135593,2.3305084746
461,1,105,10502,SAN JOSE,TARRAZU,SAN LORENZO,1201,3.657785,68.3597,11.074105,56.702748,4.2464612823
462,1,119,11911,SAN JOSE,PEREZ ZELEDON,PARAMO,1202,3.668053,84.69218,5.906822,59.900166,2.4958402662
463,1,119,11910,SAN JOSE,PEREZ ZELEDON,RIO NUEVO,794,3.855164,82.871537,2.896725,56.297229,4.4080604534
464,1,119,11904,SAN JOSE,PEREZ ZELEDON,RIVAS,1829,3.603609,85.29251,5.24877,57.572444,2.5150355385
465,1,119,11909,SAN JOSE,PEREZ ZELEDON,BARU,734,3.260218,75.613079,8.038147,59.400545,3.1335149864
466,1,119,11901,SAN JOSE,PEREZ ZELEDON,SAN ISIDRO DE EL GENERAL,13493,3.356259,69.065441,23.278737,67.4572,2.9793226117
467,1,119,11903,SAN JOSE,PEREZ ZELEDON,DANIEL FLORES,9581,3.44129,71.954911,19.319486,65.629892,3.454754201
468,1,119,11908,SAN JOSE,PEREZ ZELEDON,CAJON,2353,3.629834,77.008075,7.267318,58.351041,4.5048873778
469,1,119,11902,SAN JOSE,PEREZ ZELEDON,GENERAL,1808,3.524336,79.922566,8.185841,65.597345,3.2079646018
470,1,119,11905,SAN JOSE,PEREZ ZELEDON,SAN PEDRO,2521,3.610472,75.842919,6.227687,52.280841,5.1170170567
471,1,119,11907,SAN JOSE,PEREZ ZELEDON,PEJIBAYE,2222,3.59631,79.117912,4.680468,50.585059,5.4905490549
472,1,119,11906,SAN JOSE,PEREZ ZELEDON,PLATANARES,1971,3.65449,83.510908,4.92136,63.926941,2.2323693557
