1,2,201,20109,ALAJUELA,ALAJUELA,RIO SEGUNDO,10794,2010.055866,100,95.64981,46.101787,9.20882,11.515657,1.376091,50.515464,8.782657,13.118399
2,2,201,20108,ALAJUELA,ALAJUELA,SAN RAFAEL,26248,1364.241164,97.3978969826,117.428761,38.870959,4.70893,15.128772,1.409831,52.827277,9.558824,12.046632
3,2,209,20903,ALAJUELA,OROTINA,HACIENDA VIEJA,1022,62.355095,85.0293542074,96.917148,42.937063,9.589041,3.913894,1.362069,50.576037,10.469667,12.720157
4,2,204,20401,ALAJUELA,SAN MATEO,SAN MATEO,2692,41.485591,37.7786032689,102.558315,49.472515,11.218425,5.163447,1.454273,54.188948,11.441308,15.081724
5,2,204,20402,ALAJUELA,SAN MATEO,DESMONTE,1047,48.33795,0,100.191205,48.510638,10.219675,2.292264,1.304196,55.773672,10.028653,9.933142
6,2,201,20105,ALAJUELA,ALAJUELA,GUACIMA,20183,722.886819,97.1362037358,98.53433,45.431618,5.355993,11.945697,1.526867,55.25741,9.200813,14.660853
7,2,201,20104,ALAJUELA,ALAJUELA,SAN ANTONIO,24971,2876.843318,100,95.284273,43.585763,6.451484,7.56878,1.401678,51.79013,8.782187,12.122062
8,2,201,20102,ALAJUELA,ALAJUELA,SAN JOSE,41656,2859.025395,100,92.513171,42.76999,6.901767,8.2029,1.315495,51.009153,9.059919,12.840887
9,2,201,20111,ALAJUELA,ALAJUELA,TURRUCARES,7630,212.298275,64.5216251638,102.81765,46.392939,7.33945,9.777195,1.507966,55.030834,7.798165,14.272608
10,2,203,20305,ALAJUELA,GRECIA,TACARES,7963,320.571659,45.53560216,101.340076,46.432512,7.220897,9.958558,1.453339,53.528319,10.699485,15.735276
11,2,205,20504,ALAJUELA,ATENAS,SAN ISIDRO,2813,193.866299,0,103.84058,47.200419,8.674014,8.282972,1.406085,54.817708,8.531817,12.015642
12,2,205,20506,ALAJUELA,ATENAS,SAN JOSE,1940,138.769671,80.618556701,101.036269,47.753237,9.587629,8.865979,1.422481,54.246745,9.639175,17.061856
13,2,205,20503,ALAJUELA,ATENAS,MERCEDES,3127,376.746988,42.8845538855,101.093248,47.222222,9.689799,9.753758,1.381688,55.2152,10.393348,11.608571
14,2,205,20502,ALAJUELA,ATENAS,JESUS,3631,215.234143,31.5340126687,98.415301,46.885113,9.969705,9.391352,1.387195,56.312292,9.74938,10.107408
15,2,205,20508,ALAJUELA,ATENAS,ESCOBAL,848,32.084752,35.9669811321,107.334963,50.62167,11.20283,6.485849,1.353488,60.91954,10.495283,6.603774
16,2,205,20505,ALAJUELA,ATENAS,CONCEPCION,3473,144.829024,64.7279009502,102.507289,42.628337,8.551684,9.127555,1.391906,56.206897,8.263749,8.954794
17,2,205,20501,ALAJUELA,ATENAS,ATENAS,7546,845.016797,79.5255764644,95.796575,41.443299,10.310098,6.082693,1.194855,50.185644,9.514975,9.42221
18,2,203,20307,ALAJUELA,GRECIA,PUENTE DE PIEDRA,10556,461.767279,73.3800682077,99.094681,45.139557,6.129216,8.128079,1.457779,52.871264,8.59227,13.480485
19,2,201,20113,ALAJUELA,ALAJUELA,LA GARITA,7277,217.809039,71.1831798818,101.133223,44.327648,7.929092,11.735605,1.363501,54.251758,11.69438,13.618249
20,2,205,20507,ALAJUELA,ATENAS,SANTA EULALIA,2082,146.723044,82.2766570605,105.123153,46.930134,8.213256,9.942363,1.447842,54.834906,9.75024,12.487992
21,2,207,20702,ALAJUELA,PALMARES,ZARAGOZA,8219,1020.993789,89.828446283,100.51232,43.08844,8.516851,4.246259,1.32736,50.473416,8.504684,13.663463
22,2,207,20704,ALAJUELA,PALMARES,SANTIAGO,2737,340,46.8030690537,96.060172,42.477876,8.184143,3.178663,1.270833,50.174672,8.147607,13.554987
23,2,207,20707,ALAJUELA,PALMARES,GRANJA,4119,901.31291,82.8599174557,102.407862,47.899461,9.686817,3.714494,1.374885,50.547175,12.01748,13.911143
24,2,207,20703,ALAJUELA,PALMARES,BUENOS AIRES,7493,1092.274052,81.1423995729,93.267991,42.344225,8.447885,3.202989,1.227573,50,8.688109,11.263846
25,2,202,20201,ALAJUELA,SAN RAMON,SAN RAMON,8717,6757.364341,100,85.270988,46.111297,14.385683,3.6251,1.090566,43.104817,11.253872,10.324653
26,2,202,20204,ALAJUELA,SAN RAMON,PIEDADES NORTE,8147,177.147206,42.3591506076,94.764523,45.612154,7.585614,3.694612,1.437089,51.266297,12.446299,13.244139
27,2,202,20203,ALAJUELA,SAN RAMON,SAN JUAN,11695,2306.706114,100,92.891308,47.385003,8.738777,5.42112,1.408911,47.853338,12.501069,13.150919
28,2,202,20209,ALAJUELA,SAN RAMON,ALFARO,7137,408.06175,63.3739666527,98.084929,43.112091,6.795572,4.315539,1.349199,50.755235,10.172341,12.61034
29,2,202,20207,ALAJUELA,SAN RAMON,SAN ISIDRO,4478,521.303842,32.0232246539,92.850991,46.101142,7.213042,4.667262,1.423529,51.774415,11.411344,15.207682
30,2,202,20211,ALAJUELA,SAN RAMON,CONCEPCION,2348,260.888889,100,96.157059,44.759556,7.027257,5.664395,1.408284,55.578837,10.689949,15.417376
31,2,202,20210,ALAJUELA,SAN RAMON,VOLIO,2270,108.560497,16.4757709251,95.184867,44.862795,7.22467,7.929515,1.492424,54.672395,14.537445,18.193833
32,2,207,20705,ALAJUELA,PALMARES,CANDELARIA,1961,481.818182,31.7185109638,107.513228,42.411038,6.73126,3.977562,1.469582,51.184539,12.697603,13.768485
33,2,206,20607,ALAJUELA,NARANJO,ROSARIO,3757,223.232323,36.678200692,98.258575,50.581162,5.882353,9.289327,1.524482,53.513884,7.825393,16.635614
34,2,207,20701,ALAJUELA,PALMARES,PALMARES,3599,3301.834862,100,91.334397,45.414141,14.198388,3.528758,1.161781,45.263158,13.420395,12.197833
35,2,206,20602,ALAJUELA,NARANJO,SAN MIGUEL,4657,310.466667,49.7960060125,97.833475,49.694632,5.668886,9.168993,1.57931,51.158354,6.356023,16.877818
36,2,207,20706,ALAJUELA,PALMARES,ESQUIPULAS,6588,1226.815642,86.5513054038,95.084394,48.27819,6.435944,5.206436,1.468912,49.933775,8.515483,15.23983
37,2,206,20601,ALAJUELA,NARANJO,NARANJO,15936,908.034188,84.4754016064,91.308523,45.840578,8.948293,5.208333,1.361877,48.352735,9.651104,15.656376
38,2,206,20603,ALAJUELA,NARANJO,SAN JOSE,3162,154.394531,31.0562934851,103.737113,49.645054,9.550917,7.558507,1.440898,54.298993,12.618596,14.927261
39,2,206,20606,ALAJUELA,NARANJO,SAN JUAN,3114,443.589744,41.5221579961,101.292825,48.003802,8.092486,5.491329,1.412756,50.296326,8.638407,18.49711
40,2,203,20304,ALAJUELA,GRECIA,SAN ROQUE,11132,425.86075,77.9913762127,98.785714,44.91018,7.455983,6.000719,1.406319,53.009285,9.890406,12.118218
41,2,212,21201,ALAJUELA,VALVERDE VEGA,SARCHI NORTE,7140,472.534745,47.1008403361,94.021739,48.688047,8.459384,6.176471,1.444945,50.825309,10.812325,14.817927
42,2,212,21202,ALAJUELA,VALVERDE VEGA,SARCHI SUR,5143,790.015361,37.6239548901,95.106222,45.200452,7.252576,7.602567,1.505348,51.760228,8.108108,18.705036
43,2,206,20604,ALAJUELA,NARANJO,CIRRI SUR,4552,141.806854,26.1862917399,96.885813,46.319511,7.007909,8.06239,1.471094,51.325041,9.072935,18.211775
44,2,208,20804,ALAJUELA,POAS,CARRILLOS,9228,992.258065,84.6987429562,99.610642,47.365059,5.916775,6.458604,1.486069,51.423512,9.016038,16.460772
45,2,201,20112,ALAJUELA,ALAJUELA,TAMBOR,10992,801.750547,62.2088791849,96.777658,47.128898,6.450146,8.89738,1.475282,55.114416,9.061135,14.956332
46,2,203,20303,ALAJUELA,GRECIA,SAN JOSE,8100,652.173913,60.8641975309,97.464651,46.130254,6.432099,6.024691,1.44105,55.379893,11.567901,13.407407
47,2,203,20301,ALAJUELA,GRECIA,GRECIA,14859,2166.034985,88.128407026,90.989717,42.04187,10.821724,5.431052,1.22177,49.269786,11.474527,12.396527
48,2,212,21204,ALAJUELA,VALVERDE VEGA,SAN PEDRO,3408,215.696203,30.8685446009,100.706714,49.081365,7.86385,6.778169,1.506276,49.654671,7.922535,14.906103
49,2,203,20308,ALAJUELA,GRECIA,BOLIVAR,7265,239.689871,47.6256022023,98.551517,44.807654,6.538197,5.629732,1.40748,53.78621,10.323469,15.732966
50,2,203,20302,ALAJUELA,GRECIA,SAN ISIDRO,5949,328.855721,56.1438897294,97.575556,42.901754,7.194486,5.849723,1.31089,54.185291,9.009918,13.128257
51,2,206,20605,ALAJUELA,NARANJO,SAN JERONIMO,3264,345.762712,63.2659313725,94.865672,51.532033,7.169118,9.957108,1.581837,50.25184,12.193627,15.992647
52,2,201,20107,ALAJUELA,ALAJUELA,SABANILLA,9059,209.11819,23.7001876587,99.055153,48.776482,5.166133,12.506899,1.554226,54.707379,8.886191,18.810023
53,2,208,20803,ALAJUELA,POAS,SAN RAFAEL,5436,379.608939,15.5261221486,100.516415,45.153538,6.604121,9.216336,1.45907,54.406043,8.094187,14.661516
54,2,208,20801,ALAJUELA,POAS,SAN PEDRO,7554,515.983607,78.3293619275,95.953307,45.073939,8.525285,6.380725,1.354418,51.7147,8.882711,11.874504
55,2,212,21205,ALAJUELA,VALVERDE VEGA,RODRIGUEZ,2121,271.923077,13.2484677039,98.781631,50.960854,7.355021,13.248468,1.425641,54.319527,7.826497,18.340405
56,2,208,20802,ALAJUELA,POAS,SAN JUAN,4638,306.94904,50.2587322122,98.544521,45.711593,6.813282,7.481673,1.402402,52.76664,10.521777,13.583441
57,2,201,20110,ALAJUELA,ALAJUELA,DESAMPARADOS,26109,2052.59434,97.5832088552,96.13131,43.448162,6.001762,9.613543,1.382295,52.222856,9.766747,13.82282
58,2,201,20106,ALAJUELA,ALAJUELA,SAN ISIDRO,17294,482.129914,58.8412166069,98.553387,47.170454,6.863652,11.292934,1.441928,52.098837,9.702787,15.866775
59,2,201,20101,ALAJUELA,ALAJUELA,ALAJUELA,42975,4839.527027,100,90.70335,45.328193,11.434555,8.230366,1.212902,46.551961,11.420593,11.790576
60,2,201,20103,ALAJUELA,ALAJUELA,CARRIZAL,6856,431.194969,54.2007001167,99.592431,45.562633,5.352975,10.166278,1.50051,53.511828,8.430572,16.627771
61,2,213,21306,ALAJUELA,UPALA,DOS RIOS,3194,14.656082,14.5585472761,108.75817,66.962886,5.698184,13.744521,1.91067,52.49895,9.549155,48.497182
62,2,213,21303,ALAJUELA,UPALA,SAN JOSE,7352,25.751313,5.1550598477,102.981778,64.991023,6.63765,16.226877,1.810345,53.063438,14.68988,34.235582
63,2,213,21305,ALAJUELA,UPALA,DELICIAS,4483,45.908858,0,97.488987,64.574156,6.000446,18.670533,1.769492,50.029922,11.867053,40.330136
64,2,214,21402,ALAJUELA,LOS CHILES,CAÑO NEGRO,1808,6.056546,9.6792035398,107.577497,56.536797,7.964602,13.274336,1.87191,53.470255,16.150442,21.017699
65,2,214,21401,ALAJUELA,LOS CHILES,LOS CHILES,13262,24.745769,31.5261649827,102.875937,62.265998,5.165133,31.586488,1.80939,52.348516,10.307646,29.437491
66,2,213,21302,ALAJUELA,UPALA,AGUAS CLARAS,4939,12.116083,21.016400081,103.418451,57.896419,7.471148,7.855841,1.855243,56.27268,16.258352,30.026321
67,2,213,21301,ALAJUELA,UPALA,UPALA,16139,65.70719,37.6107565525,96.385982,56.598098,5.669496,11.82849,1.676967,52.644328,12.367557,24.982961
68,2,213,21307,ALAJUELA,UPALA,YOLILLAL,3308,22.405852,24.4256348247,103.444034,65.648473,7.527207,17.714631,1.966627,51.686747,13.724305,29.201935
69,2,214,21403,ALAJUELA,LOS CHILES,EL AMPARO,5992,19.288588,8.1441922563,104.156729,55.273387,4.572764,27.503338,1.905397,57.385362,9.529372,28.08745
70,2,213,21304,ALAJUELA,UPALA,BIJAGUA,4538,25.395937,14.4116350815,102.770331,57.569444,9.431468,5.090348,1.713316,58.974359,16.350815,23.666814
71,2,215,21503,ALAJUELA,GUATUSO,COTE,867,4.718624,0,110.436893,59.375,11.764706,11.880046,1.792079,62.373372,18.10842,21.683968
72,2,215,21501,ALAJUELA,GUATUSO,SAN RAFAEL,7941,26.113121,28.8502707468,99.974817,56.472906,5.981614,9.29354,1.709589,54.579901,12.630651,21.609369
73,2,214,21404,ALAJUELA,LOS CHILES,SAN JORGE,2673,12.504678,0,110.970797,51.444759,5.237561,18.219229,1.781609,56.799616,12.04639,28.507295
74,2,210,21013,ALAJUELA,SAN CARLOS,POCOSOL,15395,24.376534,23.1503734979,102.352787,59.088561,5.157519,20.26632,1.755906,54.967349,10.555375,24.046768
75,2,210,21006,ALAJUELA,SAN CARLOS,PITAL,17318,46.128439,49.7805751241,104.922494,53.0129,4.654117,24.130962,1.689828,54.863605,7.650999,24.922046
76,2,210,21010,ALAJUELA,SAN CARLOS,VENADO,1754,10.456036,0,106.352941,54.946996,7.639681,15.963512,1.728814,57.463768,5.872292,22.234892
77,2,210,21007,ALAJUELA,SAN CARLOS,FORTUNA,15383,68.368889,80.7904830007,102.915183,51.080338,3.815901,17.896379,1.602184,54.36627,6.416174,22.518364
78,2,210,21012,ALAJUELA,SAN CARLOS,MONTERREY,3455,15.695984,0,107.010186,52.336861,6.193922,15.77424,1.64488,55.385191,5.296671,21.476122
79,2,210,21004,ALAJUELA,SAN CARLOS,AGUAS ZARCAS,20239,126.969887,41.3656801225,99.046027,54.4726,5.010129,13.315875,1.69675,53.096884,9.076535,15.598597
80,2,210,21011,ALAJUELA,SAN CARLOS,CUTRIS,10334,11.837071,19.6729243275,109.105625,58.740399,4.490033,28.817496,1.811412,55.003245,8.631701,29.456164
81,2,203,20306,ALAJUELA,GRECIA,RIO CUARTO,11074,43.564123,21.997471555,106.951972,57.592145,4.460899,23.767383,1.772358,56.961105,8.930829,20.137258
82,2,202,20213,ALAJUELA,SAN RAMON,PEÑAS BLANCAS,9289,37.170868,18.4411669717,101.847023,57.04142,5.178168,16.492626,1.764799,56.123899,8.084832,26.536764
83,2,209,20901,ALAJUELA,OROTINA,OROTINA,9664,483.441721,76.9453642384,93.086913,47.474439,8.857616,4.397765,1.368968,51.994428,9.913079,13.855546
84,2,209,20902,ALAJUELA,OROTINA,MASTATE,1821,199.016393,25.370675453,94.136461,47.928513,6.315211,3.953871,1.486538,55.239417,12.575508,12.520593
85,2,209,20904,ALAJUELA,OROTINA,COYOLAR,5912,160.958345,29.550067659,97.791904,52.567742,5.294317,6.106225,1.720535,55.199649,12.702977,17.608254
86,2,209,20905,ALAJUELA,OROTINA,CEIBA,1922,32.21589,0,111.674009,54.875101,7.284079,10.041623,1.563786,58.120805,13.319459,20.49948
87,2,204,20403,ALAJUELA,SAN MATEO,JESUS MARIA,2397,60.914867,24.7809762203,107.352941,55.045278,10.763454,6.758448,1.582192,56.126687,12.390488,19.399249
88,2,202,20202,ALAJUELA,SAN RAMON,SANTIAGO,4535,75.344742,20.441014333,102.455357,50.066181,7.012128,12.3043,1.550444,53.985004,8.070562,16.339581
89,2,202,20205,ALAJUELA,SAN RAMON,PIEDADES SUR,3738,32.099614,8.3734617442,105.159166,48.569157,8.774746,5.698234,1.499495,54.353562,10.995185,16.185126
90,2,202,20212,ALAJUELA,SAN RAMON,ZAPOTAL,391,5.773774,0,117.222222,45.35316,7.928389,3.836317,1.824176,56.481481,8.184143,14.322251
91,2,210,21008,ALAJUELA,SAN CARLOS,TIGRA,6374,105.739881,7.1540633825,101.645049,53.037215,5.883276,13.131472,1.729953,56.889884,9.617195,26.278632
92,2,211,21106,ALAJUELA,ZARCERO,ZAPOTE,739,17.174065,0,110.541311,53.958333,7.44249,17.050068,1.47644,57.638889,4.465494,20.433018
93,2,211,21102,ALAJUELA,ZARCERO,LAGUNA,1674,72.530329,18.9366786141,94.877765,43.44473,7.168459,7.287933,1.379668,50.689906,10.334528,14.396655
94,2,210,21003,ALAJUELA,SAN CARLOS,BUENAVISTA,325,8.696816,0,105.696203,58.536585,5.230769,10.769231,1.692308,59.836066,8.923077,24.615385
95,2,210,21002,ALAJUELA,SAN CARLOS,FLORENCIA,15149,83.167719,64.5983233217,99.486437,50.183404,6.792528,10.11948,1.59455,53.020582,8.574823,18.199221
96,2,202,20208,ALAJUELA,SAN RAMON,ANGELES,8500,22.065886,34.3882352941,103.885824,51.191747,6.564706,8.070588,1.589094,53.7238,8.141176,17.152941
97,2,211,21104,ALAJUELA,ZARCERO,GUADALUPE,1148,51.364653,36.149825784,100.699301,47.368421,6.445993,12.543554,1.54717,56.630435,6.794425,20.121951
98,2,211,21103,ALAJUELA,ZARCERO,TAPEZCO,1305,210.483871,26.5900383142,112.887439,48.295455,5.517241,9.195402,1.640805,56.31068,7.662835,16.551724
99,2,211,21101,ALAJUELA,ZARCERO,ZARCERO,4004,333.388843,59.6653346653,92.130518,46.666667,10.514486,5.31968,1.332415,47.715736,8.441558,11.613387
100,2,211,21107,ALAJUELA,ZARCERO,BRISAS,2001,110.126582,38.4307846077,101.510574,45.739257,5.047476,12.093953,1.496575,57.577679,5.697151,18.84058
101,2,210,21001,ALAJUELA,SAN CARLOS,QUESADA,42060,289.450141,70.9224916786,93.050902,47.692956,6.754636,7.018545,1.457662,49.561599,9.427009,14.745602
102,2,210,21009,ALAJUELA,SAN CARLOS,PALMERA,6321,50.402679,0,115.58663,46.116505,5.331435,10.757791,1.614014,52.984481,11.564626,17.465591
103,2,211,21105,ALAJUELA,ZARCERO,PALMIRA,1334,44.040938,79.4602698651,111.746032,42.673797,4.647676,17.766117,1.569444,52.469711,8.92054,31.409295
104,2,210,21005,ALAJUELA,SAN CARLOS,VENECIA,9638,66.381982,25.6173479975,100.959133,54.70305,5.436813,9.784188,1.6947,53.114398,8.95414,14.162689
105,2,212,21203,ALAJUELA,VALVERDE VEGA,TORO AMARILLO,273,3.638545,24.9084249084,121.95122,42.1875,6.227106,20.879121,1.60274,60.087719,9.89011,21.611722
106,2,201,20114,ALAJUELA,ALAJUELA,SARAPIQUI,2842,25.172719,8.7966220971,99.578652,50.211416,6.439127,13.370866,1.700124,53.645603,10.485574,12.807882
107,2,208,20805,ALAJUELA,POAS,SABANA REDONDA,2343,114.460186,0,100.943396,51.258877,4.908237,11.86513,1.680303,55.457552,11.651729,14.682032
108,2,202,20206,ALAJUELA,SAN RAMON,SAN RAFAEL,9321,302.335388,45.1882845188,95.490772,42.305344,7.574295,4.74198,1.321006,49.089265,9.516146,12.788327
109,2,206,20608,ALAJUELA,NARANJO,PALMITOS,4271,520.853659,7.8904237883,99.114219,48.041594,8.990869,4.823226,1.403748,50.785041,11.940997,15.991571
110,2,215,21502,ALAJUELA,GUATUSO,BUENAVISTA,1573,10.012731,0,105.620915,52.718447,6.738716,9.980928,1.860241,57.004049,9.79021,23.076923
111,2,215,21504,ALAJUELA,GUATUSO,KATIRA,5127,45.219615,7.19719134,107.235247,53.917742,6.026916,7.938366,1.812687,57.642586,13.692218,23.425005
112,3,308,30804,CARTAGO,GUARCO,PATIO DE AGUA,412,38.042475,0,99.033816,43.055556,6.31068,0.242718,1.375,55.08982,5.582524,8.737864
113,3,302,30203,CARTAGO,PARAISO,OROSI,9084,28.808829,63.727432849,98.992333,45.158198,6.638045,2.476882,1.473623,48.454866,8.454425,13.914575
114,3,304,30403,CARTAGO,JIMENEZ,PEJIBAYE,3245,15.512955,23.5747303544,99.079755,45.842697,8.043143,1.848998,1.526549,51.60196,8.505393,10.446841
115,3,305,30502,CARTAGO,TURRIALBA,LA SUIZA,7590,47.496871,65.836627141,99.369582,46.950629,8.801054,1.646904,1.469223,53.071371,10.592885,12.055336
116,3,305,30507,CARTAGO,TURRIALBA,TUIS,2837,75.532481,37.5044060627,99.788732,49.867934,9.270356,1.797674,1.538874,57.321814,14.099401,12.971449
117,3,305,30508,CARTAGO,TURRIALBA,TAYUTIC,2374,21.30868,47.7674810447,105.541126,56.493078,8.887953,1.474305,1.710311,56.654196,13.352991,12.6369
118,3,305,30512,CARTAGO,TURRIALBA,CHIRRIPO,4185,4.329878,0,98.717949,90.834473,2.508961,0.501792,2.047427,54.761009,5.567503,10.776583
119,3,303,30308,CARTAGO,LA UNION,RIO AZUL,12010,2368.836292,95.8284762698,98.676592,51.545741,4.346378,15.836803,1.691185,52.26279,11.748543,21.357202
120,3,308,30803,CARTAGO,GUARCO,TOBOSI,6569,311.032197,94.9155122545,103.753102,47.05619,4.764804,2.481352,1.602818,48.337498,9.28604,14.614097
121,3,303,30303,CARTAGO,LA UNION,SAN JUAN,13729,3834.916201,100,88.662911,37.468709,5.186102,11.377376,1.12395,51.791703,7.320271,9.104815
122,3,303,30302,CARTAGO,LA UNION,SAN DIEGO,21620,2470.857143,96.2025901943,93.814433,41.826292,4.690102,11.563367,1.398012,49.60571,8.020352,14.838113
123,3,303,30304,CARTAGO,LA UNION,SAN RAFAEL,14247,1611.651584,89.6750193023,92.865845,45.809027,5.804731,5.587141,1.406635,50.964163,8.46494,14.009967
124,3,303,30301,CARTAGO,LA UNION,TRES RIOS,9331,3904.1841,100,88.88664,39.853118,11.852963,4.168899,1.053776,42.292102,8.069875,10.245418
125,3,308,30801,CARTAGO,EL GUARCO,TEJAR,24984,4122.772277,99.0754082613,99.536778,42.716783,5.883766,3.166026,1.325445,50.418307,7.528818,12.295869
126,3,301,30105,CARTAGO,CARTAGO,AGUACALIENTE,31789,305.223236,96.1716316965,96.325346,42.366429,4.674573,2.884646,1.432858,47.383178,8.342508,14.074051
127,3,301,30109,CARTAGO,CARTAGO,DULCE NOMBRE,10548,269.425287,93.5817216534,93.683437,44.039328,6.020099,3.536215,1.275302,50.875955,6.788017,12.248768
128,3,302,30205,CARTAGO,PARAISO,LLANOS DE SANTA LUCIA,17086,2440.857143,99.4088727613,90.246075,47.522017,3.704788,2.832729,1.568642,47.687905,7.643685,15.375161
129,3,301,30106,CARTAGO,CARTAGO,GUADALUPE,14618,1104.07855,98.5155288001,94.776815,43.11729,7.148721,4.987002,1.320066,46.840304,7.511287,14.112738
130,3,301,30102,CARTAGO,CARTAGO,OCCIDENTAL,9901,4975.376884,100,91.768352,42.010901,14.049086,3.868296,1.037394,41.672386,11.039289,9.80709
131,3,301,30101,CARTAGO,CARTAGO,ORIENTAL,12228,5116.317992,100,93.144843,43.689777,15.464508,2.608767,0.947982,39.192552,11.38371,10.98299
132,3,301,30103,CARTAGO,CARTAGO,CARMEN,17425,4129.146919,100,95.830524,42.117282,8.407461,5.245337,1.264453,46.318681,7.850789,16.074605
133,3,307,30701,CARTAGO,OREAMUNO,SAN RAFAEL,27248,2703.174603,96.8254550793,92.960838,43.55408,7.013359,1.959777,1.307586,47.685206,8.400617,14.459777
134,3,302,30201,CARTAGO,PARAISO,PARAISO,20601,749.672489,88.5879326246,96.856187,43.461003,8.37338,1.470802,1.299602,49.921131,8.955876,10.159701
135,3,306,30602,CARTAGO,ALVARADO,CERVANTES,6230,404.545455,68.4751203852,99.807569,48.016156,6.420546,2.327448,1.451333,50.050271,10.321027,16.324238
136,3,302,30204,CARTAGO,PARAISO,CACHI,5438,147.892304,53.6594336153,99.413275,46.182796,7.815373,1.342405,1.428953,50.011228,5.737403,12.173593
137,3,304,30402,CARTAGO,JIMENEZ,TUCURRIQUE,4872,135.070696,47.7216748768,97.167139,53.787879,7.820197,0.862069,1.684685,54.100495,9.811166,13.608374
138,3,306,30603,CARTAGO,ALVARADO,CAPELLADES,2454,66.522093,55.0122249389,102.809917,47.387387,7.94621,0.814996,1.471976,52.712792,9.779951,12.102689
139,3,304,30401,CARTAGO,JIMENEZ,JUAN VIÑAS,6552,159.106362,70.5280830281,100.122175,42.465753,8.226496,3.785104,1.462863,47.044874,13.003663,9.340659
140,3,301,30104,CARTAGO,CARTAGO,SAN NICOLAS,25948,919.16401,100,95.90789,46.922598,6.520734,6.320333,1.41641,47.876132,9.029598,16.579312
141,3,301,30108,CARTAGO,CARTAGO,TIERRA BLANCA,5103,398.983581,88.4773662551,100.43205,46.891192,6.270821,0.862238,1.466113,49.264345,6.976288,15.598667
142,3,307,30703,CARTAGO,OREAMUNO,POTRERO CERRADO,2281,121.848291,64.3138974134,98.69338,47.256294,5.392372,0.438404,1.62519,52.581899,5.786936,12.319158
143,3,307,30702,CARTAGO,OREAMUNO,COT,9630,639.442231,82.6583592939,97.376512,50.98777,4.932503,0.685358,1.54623,44.601817,9.813084,20.633437
144,3,307,30705,CARTAGO,OREAMUNO,SANTA ROSA,2614,17.45576,70.3136954858,104.21875,43.942731,5.470543,0.153022,1.425474,49.119467,5.776588,11.438409
145,3,307,30704,CARTAGO,OREAMUNO,CIPRESES,3700,425.287356,57.3513513514,104.646018,46.59271,5.675676,0.864865,1.477444,49.949648,6.864865,16.486486
146,3,302,30202,CARTAGO,PARAISO,SANTIAGO,5534,218.389897,8.4206722082,102.192181,50.626021,6.107698,5.457174,1.594175,51.917745,7.499096,20.383086
147,3,306,30601,CARTAGO,ALVARADO,PACAYAS,5628,195.620438,59.3461265103,99.645264,47.291285,7.21393,0.604122,1.430884,51.044186,6.894101,13.113006
148,3,303,30306,CARTAGO,LA UNION,DULCE NOMBRE,7893,945.269461,97.4407703028,94.504682,49.772296,4.991765,7.474978,1.589366,47.571869,11.693906,16.634993
149,3,301,30110,CARTAGO,CARTAGO,LLANO GRANDE,4342,145.65582,0,101.484919,44.733333,5.043759,2.579456,1.525559,47.981546,8.268079,18.747121
150,3,303,30307,CARTAGO,LA UNION,SAN RAMON,4054,972.182254,100,88.997669,41.4515,8.460779,11.223483,1.160804,47.493325,13.813518,11.272817
151,3,303,30305,CARTAGO,LA UNION,CONCEPCION,16515,4487.771739,100,95.536349,44.500831,5.734181,8.489252,1.375153,51.436586,10.638813,13.963064
152,3,305,30504,CARTAGO,TURRIALBA,SANTA CRUZ,3208,25.180534,0,109.810334,48.312529,8.572319,2.961347,1.532468,54.038462,11.938903,15.897756
153,3,305,30509,CARTAGO,TURRIALBA,SANTA ROSA,5232,230.891439,74.6177370031,94.932936,45.494994,9.078746,1.796636,1.378287,52.336018,11.888379,11.448777
154,3,305,30505,CARTAGO,TURRIALBA,SANTA TERESITA,4744,89.729525,7.9679595278,99.160369,50.459879,8.768971,1.728499,1.592621,55.495075,14.418212,17.158516
155,3,305,30503,CARTAGO,TURRIALBA,PERALTA,511,51.878173,0,128.125,52.994012,9.589041,2.544031,1.803419,56.553398,16.046967,15.851272
156,3,305,30510,CARTAGO,TURRIALBA,TRES EQUIS,1808,48.957487,38.5508849558,103.603604,49.917081,7.245575,3.042035,1.787018,56.241234,9.568584,18.69469
157,3,301,30111,CARTAGO,CARTAGO,QUEBRADILLA,5349,285.889898,81.2301364741,100.788288,48.171745,4.935502,1.925594,1.564331,50.189934,5.346794,12.245279
158,3,301,30107,CARTAGO,CARTAGO,CORRALILLO,10647,321.75884,18.42772612,102.337514,43.239607,7.29783,1.803325,1.371063,49.631143,9.974641,10.153095
159,3,305,30511,CARTAGO,TURRIALBA,LA ISABEL,6116,305.647176,85.0228907783,98.506978,45.653727,6.720078,1.47155,1.582746,50.536981,14.077829,16.612165
160,3,305,30501,CARTAGO,TURRIALBA,TURRIALBA,26680,470.546737,74.3628185907,93.501596,45.672946,9.925037,2.773613,1.330697,50.4174,10.933283,10.382309
161,3,305,30506,CARTAGO,TURRIALBA,PAVONES,4331,105.788959,63.0801200647,102.667291,46.714092,8.127453,2.586008,1.532726,53.564328,15.677673,13.599631
162,3,308,30802,CARTAGO,EL GUARCO,SAN ISIDRO,9828,75.786552,57.4684574685,105.434783,48.324781,6.064306,2.167277,1.579721,50.262249,8.903134,14.021164
163,5,509,50906,GUANACASTE,NANDAYURE,BEJUCO,3026,11.546093,3.2055518837,108.833678,50.547264,8.129544,3.965631,1.629156,58.959538,13.648381,16.358229
164,5,510,51001,GUANACASTE,LA CRUZ,LA CRUZ,9195,26.558258,52.4306688418,90.53046,55.294714,5.546493,15.780315,1.586647,51.994302,9.222403,24.404568
165,5,510,51003,GUANACASTE,LA CRUZ,GARITA,1688,6.190179,33.2345971564,105.602923,69.648241,7.168246,26.599526,1.910843,53.189793,10.900474,32.523697
166,5,510,51002,GUANACASTE,LA CRUZ,SANTA CECILIA,6258,24.285936,11.8088846277,102.066516,65.249538,5.544903,20.741451,1.978562,54.796007,8.78875,34.947267
167,5,510,51004,GUANACASTE,LA CRUZ,SANTA ELENA,2040,4.02121,49.2156862745,104.613842,52.466368,4.264706,14.607843,1.723827,54.783163,10.588235,38.088235
168,5,501,50103,GUANACASTE,LIBERIA,MAYORGA,1599,7.054308,30.081300813,94.525547,55.544747,5.941213,11.319575,1.791757,55.925325,12.632896,21.013133
169,5,501,50104,GUANACASTE,LIBERIA,NACASCOLO,2249,6.950583,68.3414851045,96.419214,53.725222,4.802134,12.005336,1.560185,52.186761,7.247666,17.830147
170,5,501,50102,GUANACASTE,LIBERIA,CAÑAS DULCES,3230,13.244762,11.5170278638,101.875,50.302466,7.52322,9.752322,1.54955,54.134467,5.294118,18.080495
171,5,501,50105,GUANACASTE,LIBERIA,CURUBANDE,2527,31.278624,25.6826276217,94.534257,53.991469,7.083498,9.734863,1.583102,55.601023,8.191531,18.203403
172,5,504,50403,GUANACASTE,BAGACES,MOGOTE,3398,18.413352,45.7916421424,103.351287,52.719101,5.944673,8.122425,1.719828,56.521739,10.594467,13.772808
173,5,504,50404,GUANACASTE,BAGACES,RIO NARANJO,1015,23.659674,0,92.59962,49.045521,9.852217,5.418719,1.552901,53.68171,11.527094,13.596059
174,5,504,50402,GUANACASTE,BAGACES,FORTUNA,2756,17.297433,46.770682148,98.273381,50.683434,8.381713,3.955007,1.571616,51.605709,7.474601,10.667634
175,5,506,50602,GUANACASTE,CAÑAS,PALMIRA,988,4.823983,37.4493927126,103.71134,57.324841,8.40081,6.680162,1.728,61.348898,13.259109,17.105263
176,5,505,50503,GUANACASTE,CARRILLO,SARDINAL,14912,62.017051,58.2215665236,103.216135,50.065412,6.5853,17.140558,1.562044,55.403205,9.0397,24.86588
177,5,505,50502,GUANACASTE,CARRILLO,PALMIRA,5416,145.708905,83.2717872969,94.052311,51.751191,6.314623,12.721566,1.588117,53.167849,10.228951,17.614476
178,5,504,50401,GUANACASTE,BAGACES,BAGACES,12367,13.946905,50.7398722406,102.937315,56.287122,6.921646,9.622382,1.730641,53.256424,9.266597,18.339128
179,5,506,50601,GUANACASTE,CAÑAS,CAÑAS,20816,107.732119,87.2838201384,94.070483,51.235106,6.158724,7.359723,1.621449,51.412256,8.676018,15.872406
180,5,508,50804,GUANACASTE,TILARAN,SANTA ROSA,1945,27.35199,48.8431876607,107.577375,52.310102,9.871465,4.37018,1.628514,58.775253,13.984576,12.030848
181,5,503,50304,GUANACASTE,SANTA CRUZ,TEMPATE,5630,39.982956,51.3321492007,99.503898,48.314015,7.300178,16.69627,1.44644,57.58183,10.834813,25.719361
182,5,503,50302,GUANACASTE,SANTA CRUZ,BOLSON,1627,53.502137,43.2083589428,109.125964,49.540441,10.817455,1.167793,1.558537,51.99115,10.202827,23.847572
183,5,502,50203,GUANACASTE,NICOYA,SAN ANTONIO,6642,19.641009,35.3056308341,97.796307,52.444342,13.986751,0.993677,1.403719,50,16.425775,13.309244
184,5,503,50301,GUANACASTE,SANTA CRUZ,SANTA CRUZ,21544,79.182593,60.829001114,93.462644,49.269036,8.605644,3.657631,1.437425,49.686042,12.045117,18.585221
185,5,503,50305,GUANACASTE,SANTA CRUZ,CARTAGENA,3824,51.034299,69.5345188285,100.734908,45.787266,8.289749,3.007322,1.437681,49.856825,14.17364,16.997908
186,5,505,50504,GUANACASTE,CARRILLO,BELEN,8841,50.545995,55.2878633639,99.571106,53.622937,7.36342,6.87705,1.580956,51.193749,11.390114,15.722203
187,5,501,50101,GUANACASTE,LIBERIA,LIBERIA,53382,95.058497,91.0363043723,95.681818,49.353702,5.492488,10.083923,1.519302,50.178661,7.952119,18.952081
188,5,505,50501,GUANACASTE,CARRILLO,FILADELFIA,7953,63.61891,63.6112158934,100.580076,48.432251,7.607192,8.034704,1.60292,49.593242,10.939268,15.579027
189,5,508,50801,GUANACASTE,TILARAN,TILARAN,8677,62.523418,80.9150628097,90.452151,53.087509,9.05843,4.563789,1.555083,53.575515,12.711767,11.674542
190,5,508,50805,GUANACASTE,TILARAN,LIBANO,865,12.14376,0,108.937198,60.780669,15.606936,4.277457,1.561497,62.083333,10.520231,14.104046
191,5,506,50605,GUANACASTE,CAÑAS,POROZAL,669,6.331031,0,110.377358,55.581395,9.118087,6.12855,1.987578,57.743786,17.638266,25.261584
192,5,506,50604,GUANACASTE,CAÑAS,BEBEDERO,2084,35.943429,94.2418426104,114.624099,46.040645,4.75048,19.145873,1.813708,55.166163,10.460653,16.074856
193,5,506,50603,GUANACASTE,CAÑAS,SAN MIGUEL,1644,13.640889,27.1289537713,107.83818,46.393589,7.846715,5.717762,1.517401,57.174721,15.754258,12.408759
194,5,503,50309,GUANACASTE,SANTA CRUZ,TAMARINDO,6375,51.606897,49.2235294118,104.457986,43.451845,5.019608,23.466667,1.438549,56.777843,10.431373,25.756863
195,5,503,50308,GUANACASTE,SANTA CRUZ,CABO VELAS,3362,45.979212,35.9309934563,99.762329,41.498316,5.770375,22.724569,1.449692,59.606271,11.748959,28.04878
196,5,503,50303,GUANACASTE,SANTA CRUZ,VEINTISIETE DE ABRIL,7048,23.442541,8.7542565267,101.141553,50.598291,8.754257,5.263905,1.555145,56.321435,14.145857,27.440409
197,5,503,50306,GUANACASTE,SANTA CRUZ,CUAJINIQUIL,1789,7.680089,0,116.062802,52.775406,7.602012,10.508664,1.61242,59.662684,16.433762,30.911124
198,5,502,50206,GUANACASTE,NICOYA,NOSARA,4912,36.40676,35.993485342,103.648425,50.999078,5.354235,10.077362,1.655474,59.259259,12.785016,23.045603
199,5,502,50207,GUANACASTE,NICOYA,BELEN DE NOSARITA,2686,22.125206,0,97.065297,56.618076,9.530901,1.005212,1.617284,54.985889,11.801936,14.743112
200,5,502,50201,GUANACASTE,NICOYA,NICOYA,24833,79.82834,64.921676801,93.795848,49.182987,9.141062,2.500705,1.421255,50.076759,13.957234,12.539766
201,5,503,50307,GUANACASTE,SANTA CRUZ,DIRIA,3905,61.206897,55.390524968,90.766976,50.481696,10.985915,1.408451,1.432099,46.213292,13.393086,17.541613
202,5,502,50205,GUANACASTE,NICOYA,SAMARA,3512,32.070131,31.6913439636,105.500293,47.687132,6.66287,10.136674,1.546667,57.608306,11.247153,19.419134
203,5,509,50901,GUANACASTE,NANDAYURE,CARMONA,2486,72.711319,53.2180209171,97.4583,49.488876,9.895414,2.091714,1.385174,50.908198,13.958166,9.975865
204,5,511,51101,GUANACASTE,HOJANCHA,HOJANCHA,4245,53.322447,32.9093050648,100.141443,48.530441,9.446408,0.942285,1.448306,50.600343,11.401649,9.846879
205,5,511,51102,GUANACASTE,HOJANCHA,MONTE ROMO,671,8.964596,52.0119225037,109.6875,47.797357,8.792846,1.639344,1.585366,50.976909,13.710879,9.687034
206,5,509,50903,GUANACASTE,NANDAYURE,ZAPOTAL,1215,11.735729,0,109.84456,53.02267,10.864198,3.45679,1.507092,50.352467,15.63786,21.728395
207,5,511,51103,GUANACASTE,HOJANCHA,PUERTO CARRILLO,1574,20.847682,0,106.833114,47.932331,8.703939,6.035578,1.563805,52.782071,15.819568,20.965693
208,5,509,50905,GUANACASTE,NANDAYURE,PORVENIR,741,18.721577,0,114.16185,45.294118,11.066127,0.674764,1.4,57.977883,13.225371,10.526316
209,5,509,50904,GUANACASTE,NANDAYURE,SAN PABLO,2207,28.993694,33.9827820571,103.597786,51.788171,7.430902,4.531038,1.609555,52,14.227458,17.671047
210,5,511,51104,GUANACASTE,HOJANCHA,HUACAS,707,22.472982,0,108.554572,50.106157,10.891089,6.223479,1.543011,53.253425,11.173975,14.710042
211,5,502,50204,GUANACASTE,NICOYA,QUEBRADA HONDA,2523,23.594875,0,95.581395,51.440576,12.366231,1.426873,1.47619,50.712251,14.585811,12.88149
212,5,509,50902,GUANACASTE,NANDAYURE,SANTA RITA,1446,28.868038,9.2669432918,96.734694,56.663055,11.065007,2.904564,1.62069,46.678024,12.655602,12.517289
213,5,502,50202,GUANACASTE,NICOYA,MANSION,5717,27.009023,18.3837677103,97.683264,53.188639,10.739899,1.626727,1.495321,51.474989,13.486094,12.209201
214,5,507,50701,GUANACASTE,ABANGARES,JUNTAS,9482,41.342926,41.4153132251,98.950902,51.566496,8.331576,2.921325,1.615207,53.041523,10.493567,17.26429
215,5,507,50704,GUANACASTE,ABANGARES,COLORADO,4621,23.604229,27.8294741398,98.581865,52.106649,6.600303,3.22441,1.711719,53.476821,15.472841,23.025319
216,5,507,50702,GUANACASTE,ABANGARES,SIERRA,2351,16.618364,0,104.612707,49.554707,7.230966,7.10336,1.625387,57.465825,9.655466,16.1208
217,5,508,50803,GUANACASTE,TILARAN,TRONADORA,1795,14.680625,16.4902506964,106.797235,47.493837,7.910864,6.796657,1.71645,56.657609,8.467967,13.481894
218,5,508,50806,GUANACASTE,TILARAN,TIERRAS MORENAS,1358,16.271268,31.1487481591,104.210526,60.520095,12.886598,5.154639,1.796178,58.727273,14.874816,14.506627
219,5,508,50807,GUANACASTE,TILARAN,ARENAL,2300,30.455508,40.5217391304,101.048951,53.027279,8.652174,10.086957,1.655877,57.438692,6.130435,16.391304
220,5,508,50802,GUANACASTE,TILARAN,QUEBRADA GRANDE,2700,35.516969,12.3333333333,104.545455,50.585611,8.666667,6.777778,1.618915,57.959744,12.222222,18.703704
221,5,507,50703,GUANACASTE,ABANGARES,SAN JUAN,1585,14.518641,16.5930599369,102.426564,50.808754,8.895899,4.542587,1.680952,58.313817,13.943218,23.911672
222,4,408,40803,HEREDIA,FLORES,LLORENTE,8773,4901.117318,100,96.176208,40.705694,5.585319,7.146928,1.332814,50.579043,8.982104,8.947908
223,4,401,40104,HEREDIA,HEREDIA,ULLOA,29266,2527.288428,100,91.644293,40.668109,5.36117,12.195039,1.284081,50.471619,10.476321,9.939862
224,4,401,40102,HEREDIA,HEREDIA,MERCEDES,25744,6173.621103,100,90.428286,40.126279,8.38642,7.419204,1.132372,50.26543,10.212088,8.763207
225,4,403,40306,HEREDIA,SANTO DOMINGO,SANTA ROSA,7269,1663.386728,100,97.580864,40.954043,7.373779,7.731462,1.308209,49.035584,7.580135,10.317788
226,4,403,40301,HEREDIA,SANTO DOMINGO,SANTO DOMINGO,4730,6391.891892,100,86.073958,47.951204,17.610994,5.919662,0.963385,43.317422,13.255814,7.69556
227,4,403,40302,HEREDIA,SANTO DOMINGO,SAN VICENTE,6427,2295.357143,100,88.807286,38.007301,8.697682,7.76412,1.060982,49.18271,9.693481,7.810798
228,4,403,40305,HEREDIA,SANTO DOMINGO,SANTO TOMAS,6267,1790.571429,100,97.385827,43.016887,10.068613,7.148556,1.20477,50.749099,8.823999,8.616563
229,4,403,40307,HEREDIA,SANTO DOMINGO,TURES,3452,964.24581,100,95.580737,45.102984,8.053302,9.559676,1.397074,52.08628,10.80533,10.457706
230,4,403,40304,HEREDIA,SANTO DOMINGO,PARACITO,2231,1742.96875,100,99.731423,40.491184,5.871806,5.333931,1.384868,51.277868,6.140744,10.802331
231,4,404,40403,HEREDIA,SANTA BARBARA,SAN JUAN,7662,1729.571106,100,94.664634,41.28711,6.825894,6.773688,1.281264,51.758555,9.99739,9.514487
232,4,408,40802,HEREDIA,FLORES,BARRANTES,4091,1786.462882,100,99.269362,43.242297,9.190907,7.993156,1.187063,53.765016,7.993156,7.773161
233,4,408,40801,HEREDIA,FLORES,SAN JOAQUIN,7173,2490.625,100,93.812483,40.923379,8.741113,8.420466,1.131805,51.140119,10.720758,9.842465
234,4,404,40402,HEREDIA,SANTA BARBARA,SAN PEDRO,5582,2250.806452,100,100.43088,45.326738,5.965604,6.807596,1.404701,51.373074,8.778216,12.647796
235,4,404,40404,HEREDIA,SANTA BARBARA,JESUS,9603,761.538462,79.0898677497,99.64657,43.843619,5.550349,6.820785,1.419757,53.303167,9.861502,12.360721
236,4,404,40405,HEREDIA,SANTA BARBARA,SANTO DOMINGO,2879,109.717988,41.0559221952,97.326936,47.414235,7.259465,10.732893,1.48995,55.449414,9.899271,15.109413
237,4,404,40406,HEREDIA,SANTA BARBARA,PURABA,4573,742.37013,84.4522195495,98.051104,41.31644,6.275968,6.51651,1.368816,54.458599,8.637656,12.158321
238,4,401,40103,HEREDIA,HEREDIA,SAN FRANCISCO,49209,7688.90625,100,90.93978,41.523108,5.312036,14.436384,1.344684,48.647227,9.274726,11.908391
239,4,402,40202,HEREDIA,BARVA,SAN PEDRO,9932,1324.266667,96.7982279501,95.820189,41.179815,5.587998,6.071285,1.391978,50.890992,11.478051,12.162706
240,4,402,40204,HEREDIA,BARVA,SAN ROQUE,4622,3984.482759,100,97.1843,40.18805,6.533968,4.889658,1.176382,54.906604,10.514929,8.091735
241,4,401,40101,HEREDIA,HEREDIA,HEREDIA,18697,6606.713781,100,85.725638,40.052434,14.553137,7.241803,0.907897,40.888916,13.932716,9.723485
242,4,405,40503,HEREDIA,SAN RAFAEL,SANTIAGO,8409,5568.874172,100,93.265916,39.314115,5.173029,9.906053,1.220466,48.076085,8.015222,12.665002
243,4,402,40201,HEREDIA,BARVA,BARVA,4997,7931.746032,100,92.044581,40.720924,10.246148,3.902341,1.095583,46.25029,6.764058,7.064239
244,4,405,40501,HEREDIA,SAN RAFAEL,SAN RAFAEL,9668,7161.481481,100,95.906788,42.722173,9.050476,6.930079,1.254633,47.55054,9.908978,10.995035
245,4,405,40502,HEREDIA,SAN RAFAEL,SAN JOSECITO,11579,9413.821138,100,94.572341,42.458169,7.49633,7.366785,1.304948,48.60587,10.242681,13.757665
246,4,405,40504,HEREDIA,SAN RAFAEL,ANGELES,10232,463.615768,70.6118060985,96.542451,43.950478,7.329945,8.922987,1.372746,53.81295,8.580923,11.796325
247,4,402,40205,HEREDIA,BARVA,SANTA LUCIA,7413,2487.583893,100,92.795839,37.609059,6.367193,5.571294,1.135945,50.540584,8.957237,9.159585
248,4,402,40203,HEREDIA,BARVA,SAN PABLO,8319,1221.585903,80.9231878832,95.28169,40.286678,5.757904,5.072725,1.34295,49.163149,8.162039,8.390432
249,4,402,40206,HEREDIA,BARVA,SAN JOSE DE LA MONTAÑA,5377,154.867512,67.6027524642,102.371095,45.324324,6.602195,6.118654,1.423228,53.316502,10.303143,10.879673
250,4,406,40604,HEREDIA,SAN ISIDRO,SAN FRANCISCO,4438,966.884532,100,100.451671,40.531982,6.985128,6.061289,1.322021,51.758658,8.675079,10.725552
251,4,405,40505,HEREDIA,SAN RAFAEL,CONCEPCIÓN,6077,273.369321,76.4851077834,96.158812,46.858386,6.861938,7.76699,1.335429,53.22351,10.054303,11.732763
252,4,406,40602,HEREDIA,SAN ISIDRO,SAN JOSE,7447,659.610275,88.9754263462,96.490765,44.770607,8.137505,9.681751,1.291471,53.156092,7.439237,10.124883
253,4,406,40603,HEREDIA,SAN ISIDRO,CONCEPCIÓN,2635,326.517968,89.1840607211,96.348733,39.565678,7.058824,7.969639,1.255968,52.791648,10.094877,13.70019
254,4,406,40601,HEREDIA,SAN ISIDRO,SAN ISIDRO,6113,2030.89701,100,98.796748,38.084482,7.410437,6.527073,1.202703,50.858034,9.373466,11.909046
255,4,403,40308,HEREDIA,SANTO DOMINGO,PARA,3333,1229.889299,100,93.441672,38.643927,8.10081,11.551155,1.245885,51.564723,9.780978,10.771077
256,4,403,40303,HEREDIA,SANTO DOMINGO,SAN MIGUEL,6363,1085.836177,100,99.592221,38.296023,7.842213,7.072136,1.201324,49.628391,11.64545,9.570957
257,4,407,40703,HEREDIA,BELEN,ASUNCION,5651,1264.205817,100,86.809917,36.662636,9.308087,19.16475,1.063409,50.020442,8.299416,9.732791
258,4,407,40701,HEREDIA,BELEN,SAN ANTONIO,9942,2832.478632,100,97.772031,37.949216,7.996379,8.901629,1.176656,48.746286,9.535305,10.541139
259,4,407,40702,HEREDIA,BELEN,LA RIBERA,6040,1448.441247,100,95.722618,41.850634,9.072848,10.331126,1.186878,51.705882,8.162252,10.513245
260,4,410,41005,HEREDIA,SARAPIQUI,CUREÑA,951,2.587685,0,128.605769,57.973422,5.467928,35.75184,1.969828,55.524862,13.354364,46.37224
261,4,410,41002,HEREDIA,SARAPIQUI,VIRGEN,10521,20.482819,21.3287710294,100.935829,54.880024,5.731394,16.85201,1.713406,55.333416,12.061591,21.328771
262,4,410,41001,HEREDIA,SARAPIQUI,PUERTO VIEJO,20184,47.299229,35.2160126833,104.768185,57.761451,3.101467,26.664685,1.881532,54.74167,9.3044,18.123266
263,4,410,41004,HEREDIA,SARAPIQUI,LLANURAS DEL GASPAR,1160,4.357462,0,125.680934,55.495979,3.965517,45.948276,2.220588,57.225434,12.413793,43.793103
264,4,410,41003,HEREDIA,SARAPIQUI,HORQUETAS,24331,42.954241,3.9743537051,101.632552,54.120479,5.745756,8.713164,1.746449,54.971447,10.550327,17.1674
265,4,401,40105,HEREDIA,HEREDIA,VARA BLANCA,700,2.71718,48.4285714286,118.75,43.149284,5.428571,10.571429,1.536842,58.143608,14.857143,14
266,4,409,40901,HEREDIA,SAN PABLO,SAN PABLO,19412,3776.653696,100,93.867972,38.331077,6.619617,7.222337,1.201151,50.546263,10.658356,9.164434
267,4,409,40902,HEREDIA,SAN PABLO,RINCON DE SABANILLA,8259,3455.648536,100,91.446453,39.321862,8.197118,8.645114,1.072845,48.752344,11.744763,7.785446
268,4,404,40401,HEREDIA,SANTA BARBARA,SANTA BARBARA,5944,4607.751938,100,93.805021,43.574879,9.101615,4.979812,1.203461,50.010087,10.413863,8.967026
269,7,705,70501,LIMON,MATINA,MATINA,9142,25.797895,47.6263399694,107.442705,56.675236,3.773791,12.601181,1.815542,54.827228,9.527456,14.02319
270,7,704,70404,LIMON,TALAMANCA,TELIRE,6240,2.806689,7.7564102564,106.144698,70.771757,3.926282,1.073718,2.039948,54.524989,7.740385,3.028846
271,7,704,70401,LIMON,TALAMANCA,BRATSI,7318,40.825662,12.0934681607,102.54636,65.97868,4.741733,8.390271,1.92292,52.516619,10.098388,11.833834
272,7,704,70403,LIMON,TALAMANCA,CAHUITA,8293,35.193516,28.6868443265,101.825262,56.826778,4.799228,19.257205,1.766285,55.735318,10.056674,25.599904
273,7,702,70206,LIMON,POCOCI,COLORADO,3985,3.419515,22.7352572146,116.458446,52.857691,3.412798,21.756587,1.906219,56.628914,8.130489,27.553325
274,7,706,70604,LIMON,GUACIMO,RIO JIMENEZ,8742,78.98446,32.8757721345,101.196778,54.670913,4.861588,8.304736,1.737484,54.559066,11.290323,12.159689
275,7,701,70101,LIMON,LIMON,LIMON,61072,1021.954485,98.3249279539,88.674349,53.001303,6.302397,6.793621,1.530768,48.366606,12.231465,15.768274
276,7,701,70103,LIMON,LIMON,RIO BLANCO,8307,62.294713,51.570964247,107.98698,57.927757,4.285542,8.980378,1.825779,52.388717,10.244372,19.682196
277,7,701,70104,LIMON,LIMON,MATAMA,7128,20.980132,14.5903479237,98.606854,61.303462,5.850168,7.323232,1.813312,54.108818,13.229517,19.107744
278,7,703,70303,LIMON,SIQUIRRES,FLORIDA,2184,23.478822,37.0879120879,107.014218,47.169811,6.089744,2.97619,1.832753,54.736245,8.882784,12.1337
279,7,703,70301,LIMON,SIQUIRRES,SIQUIRRES,31637,84.760884,66.0682112716,100.640538,52.188763,5.190125,6.871701,1.702351,52.672569,10.923918,10.440307
280,7,703,70302,LIMON,SIQUIRRES,PACUARITO,8756,40.159611,41.1831886706,111.293436,53.72191,4.351302,12.597076,1.850635,57.875624,10.404294,6.909548
281,7,705,70502,LIMON,MATINA,BATAN,16532,77.520398,54.2281635616,104.477427,57.058712,4.917735,9.297121,1.828941,53.510467,13.101863,10.228647
282,7,705,70503,LIMON,MATINA,CARRANDI,12047,58.762987,48.7590271437,113.712968,54.171999,3.378434,22.92687,1.759658,55.460218,7.653358,13.098697
283,7,703,70306,LIMON,SIQUIRRES,ALEGRIA,5656,152.043011,10.3783592645,97.417103,54.45112,5.463225,3.023338,1.783615,55.175601,9.865629,9.565064
284,7,703,70304,LIMON,SIQUIRRES,GERMANIA,2471,76.124461,53.9862403885,110.297872,48.676294,6.879806,4.532578,1.555887,54.747475,8.458114,13.476325
285,7,703,70305,LIMON,SIQUIRRES,CAIRO,6082,57.25313,54.8503781651,101.124339,55.908741,5.688918,4.390003,1.770796,53.663239,13.17001,13.663269
286,7,706,70601,LIMON,GUACIMO,GUACIMO,18326,82.54955,54.9328822438,97.180977,54.129521,5.614973,5.680454,1.682955,53.134179,11.20812,14.656772
287,7,706,70602,LIMON,GUACIMO,MERCEDES,1707,19.128194,57.2349150557,101.77305,38.218623,5.975395,22.612771,1.25947,43.837535,11.540715,8.845929
288,7,706,70603,LIMON,GUACIMO,POCORA,6432,89.147609,80.1616915423,99.44186,52.020799,6.218905,9.017413,1.686592,52.990431,13.028607,11.738184
289,7,702,70202,LIMON,POCOCI,JIMENEZ,10501,97.484218,44.4433863442,97.72171,53.725662,5.351871,7.189791,1.646485,54.650441,10.046662,16.560328
290,7,702,70201,LIMON,POCOCI,GUAPILES,36469,140.281571,86.5858674491,92.672232,47.576076,5.305876,6.282048,1.505658,52.376148,10.162055,14.253201
291,7,702,70205,LIMON,POCOCI,CARIARI,34176,152.374158,66.0522003745,100.128828,53.138863,5.28441,6.077364,1.747608,53.452481,11.197917,17.652739
292,7,702,70203,LIMON,POCOCI,RITA,24041,51.254664,33.8380267044,104.465045,53.744324,5.931534,6.147831,1.800156,56.266494,13.597604,17.23306
293,7,702,70204,LIMON,POCOCI,ROXANA,16790,94.810548,39.7379392496,115.976331,52.77525,4.592019,11.625968,1.844803,54.960765,13.08517,12.072662
294,7,706,70605,LIMON,GUACIMO,DUACARI,6059,73.522631,16.8674698795,106.228727,58.571055,4.522198,13.05496,1.828746,57.911181,11.454035,7.542499
295,7,701,70102,LIMON,LIMON,VALLE LA ESTRELLA,17908,14.52475,10.1239669421,105.390526,69.230769,4.221577,4.824659,1.849458,55.780049,10.358499,10.615367
296,7,704,70402,LIMON,TALAMANCA,SIXAOLA,8861,51.583421,38.6750931046,105.83043,68.620362,3.419479,30.820449,1.994155,55.553775,9.931159,25.143889
297,6,611,61101,PUNTARENAS,GARABITO,JACO,11685,83.220568,81.5318784767,99.029126,47.500631,3.063757,28.968763,1.572339,57.083474,7.12024,25.21181
298,6,611,61102,PUNTARENAS,GARABITO,TARCOLES,5544,31.517908,55.3391053391,104.274134,49.474252,4.599567,13.888889,1.686107,57.898432,9.66811,22.059885
299,6,601,60111,PUNTARENAS,PUNTARENAS,COBANO,7494,23.669499,28.409394182,106.731034,47.752366,4.937283,16.27969,1.587347,59.002392,10.982119,18.748332
300,6,601,60105,PUNTARENAS,PUNTARENAS,PAQUERA,6686,19.78809,30.1675142088,106.549274,52.718136,7.433443,5.548908,1.604664,55.890202,10.125636,17.364643
301,6,601,60102,PUNTARENAS,PUNTARENAS,PITAHAYA,2211,19.085024,29.579375848,106.442577,63.173432,7.236545,9.271823,1.915441,56.553398,12.980552,15.151515
302,6,601,60115,PUNTARENAS,PUNTARENAS,EL ROBLE,15759,1984.760705,100,101.444459,48.880491,6.370963,7.360873,1.576537,51.633146,10.470208,12.697506
303,6,601,60112,PUNTARENAS,PUNTARENAS,CHACARITA,17434,3602.066116,100,98.882044,53.671221,7.663187,4.588735,1.635052,50.73185,10.330389,14.230813
304,6,601,60104,PUNTARENAS,PUNTARENAS,LEPANTO,9502,22.599058,27.5310460956,100.675818,51.522883,9.461166,1.589139,1.599282,53.309969,12.144812,10.924016
305,6,601,60101,PUNTARENAS,PUNTARENAS,PUNTARENAS,8335,233.93208,96.7366526695,93.522173,47.783688,13.929214,6.238752,1.216046,47.068677,11.313737,11.961608
306,6,601,60106,PUNTARENAS,PUNTARENAS,MANZANILLO,2811,47.75739,23.7993596585,109.776119,55.303867,5.514052,4.980434,1.935262,55.12761,10.103166,20.73995
307,6,601,60113,PUNTARENAS,PUNTARENAS,CHIRA,1576,36.651163,0,107.641634,55.577493,6.725888,0.444162,1.862319,51.662612,10.215736,12.373096
308,6,601,60109,PUNTARENAS,PUNTARENAS,MONTE  VERDE,4155,78.440627,55.7400722022,94.796062,45.943098,4.693141,9.843562,1.496443,56.356968,8.158845,10.950662
309,6,601,60114,PUNTARENAS,PUNTARENAS,ACAPULCO,1296,11.724263,0,100.309119,45.454545,7.87037,2.700617,1.477528,57.575758,11.342593,12.114198
310,6,601,60103,PUNTARENAS,PUNTARENAS,CHOMES,5522,43.275862,22.9445852952,107.828378,55.549296,7.062658,3.730532,1.798178,57.105943,11.807316,13.618254
311,6,604,60402,PUNTARENAS,MONTES DE ORO,UNION,1249,20.671963,0,108.51419,52.876377,12.089672,4.003203,1.68038,57.725948,13.851081,8.807046
312,6,604,60401,PUNTARENAS,MONTES DE ORO,MIRAMAR,8298,65.925161,90.2988671969,94.788732,46.685522,9.351651,3.350205,1.384846,53.516999,10.701374,8.664738
313,6,604,60403,PUNTARENAS,MONTES DE ORO,SAN ISIDRO,3403,58.200787,40.4349103732,105.868119,50.708592,6.935057,6.758742,1.671429,55.826859,9.932413,12.283279
314,6,601,60107,PUNTARENAS,PUNTARENAS,GUACIMAL,923,8.688694,0,112.183908,55.649241,11.375948,4.767064,1.774648,62.449529,13.326111,12.892741
315,6,602,60203,PUNTARENAS,ESPARZA,MACACONA,4742,124.006276,81.9485449178,95.546392,49.166405,6.706031,3.374104,1.442491,55.202542,10.185576,11.809363
316,6,602,60201,PUNTARENAS,ESPARZA,ESPIRITU SANTO,15686,387.787392,92.2478643376,94.326065,49.305159,8.714778,3.193931,1.475658,51.024735,11.940584,13.279357
317,6,602,60202,PUNTARENAS,ESPARZA,SAN JUAN GRANDE,6171,108.951271,48.9061740399,100.16218,53.278689,6.595365,7.535246,1.676436,55.516163,13.239345,17.04748
318,6,602,60204,PUNTARENAS,ESPARZA,SAN RAFAEL,1294,40.462789,0,103.779528,45.885006,10.278207,4.173107,1.389535,59.331476,12.132921,13.987635
319,6,601,60108,PUNTARENAS,PUNTARENAS,BARRANCA,30650,873.966353,95.7455138662,92.187108,51.672605,5.409462,3.66721,1.618685,51.517714,10.897227,14.893964
320,6,602,60205,PUNTARENAS,ESPARZA,SAN JERONIMO,751,15.174783,0,111.549296,50.501002,12.117177,8.122503,1.537572,57.575758,13.981358,18.109188
321,6,601,60116,PUNTARENAS,PUNTARENAS,ARANCIBIA,665,14.777778,0,129.310345,46.475771,9.022556,3.007519,1.666667,55.595668,14.887218,9.323308
322,6,606,60603,PUNTARENAS,AGUIRRE,NARANJITO,3677,35.139526,24.6396518901,105.994398,52.509332,7.506119,5.847158,1.609756,59.828767,8.974708,14.359532
323,6,606,60602,PUNTARENAS,AGUIRRE,SAVEGRE,3326,15.381058,10.9741431149,114.304124,49.887337,6.644618,6.043295,1.805588,59.359699,10.432952,15.303668
324,6,603,60309,PUNTARENAS,BUENOS AIRES,BRUNKA,3220,19.65812,40.1552795031,101.880878,65.043567,6.459627,1.428571,1.891892,52.734864,11.242236,9.254658
325,6,605,60504,PUNTARENAS,OSA,BAHIA BALLENA,3306,20.564817,6.0193587417,111.787316,47.064057,3.962492,9.649123,1.701559,58.222915,11.736237,17.906836
326,6,603,60302,PUNTARENAS,BUENOS AIRES,VOLCAN,3815,20.238727,16.120576671,107.675558,54.578606,6.238532,5.373526,1.776471,54.096709,7.889908,11.29751
327,6,608,60802,PUNTARENAS,COTO BRUS,SABALITO,10984,30.789931,18.5997815004,98.913437,61.600706,6.70976,9.01311,1.794952,55.844471,11.234523,20.821194
328,6,608,60805,PUNTARENAS,COTO BRUS,PITTIER,2758,10.813566,0,114.964926,62.522098,6.816534,6.671501,1.889051,59.913169,10.949964,16.823785
329,6,603,60305,PUNTARENAS,BUENOS AIRES,PILAS,1659,14.98645,0,110.26616,58.15062,4.520796,5.666064,1.928571,55.172414,12.778782,17.179024
330,6,603,60306,PUNTARENAS,BUENOS AIRES,COLINAS,1371,11.234942,0,114.890282,50.164294,5.105762,3.428155,1.762319,55.338904,11.743253,13.712619
331,6,605,60501,PUNTARENAS,OSA,PUERTO CORTES,7969,35.231443,58.9408959719,100.679929,52.633595,7.692308,4.630443,1.645617,51.888134,12.460786,16.363408
332,6,603,60304,PUNTARENAS,BUENOS AIRES,BORUCA,3074,22.270521,14.7690305791,109.543286,61.111111,6.83149,0.618087,1.853165,50.08489,15.81002,7.872479
333,6,603,60301,PUNTARENAS,BUENOS AIRES,BUENOS AIRES,21063,38.122387,66.6144423871,96.300093,58.451817,4.780895,1.386317,1.690622,49.436342,9.614015,7.278166
334,6,605,60502,PUNTARENAS,OSA,PALMAR,9815,37.121785,50.0152827305,102.412869,52.643857,7.294957,2.689761,1.696226,51.478983,15.068772,10.748854
335,6,605,60505,PUNTARENAS,OSA,PIEDRAS BLANCAS,4138,16.045601,13.7747704205,101.068999,54.402985,8.458192,1.691638,1.793478,54.727273,13.436443,14.62059
336,6,603,60303,PUNTARENAS,BUENOS AIRES,POTRERO GRANDE,5956,9.492692,11.3498992612,100.944669,71.69213,6.934184,1.914036,1.920646,53.462857,13.163197,10.275353
337,6,603,60307,PUNTARENAS,BUENOS AIRES,CHANGUENA,2631,9.641601,0,113.036437,67.047619,4.561003,3.496769,2.117829,56.411609,6.461422,18.396047
338,6,603,60308,PUNTARENAS,BUENOS AIRES,BIOLLEY,2455,11.783623,0,108.050847,60.983607,6.761711,3.299389,2.059774,53.031102,10.224033,23.828921
339,6,608,60801,PUNTARENAS,COTO BRUS,SAN VITO,14834,104.193299,37.1376567345,95.595992,56.774466,7.334502,2.777403,1.645745,51.932788,12.060132,10.678172
340,6,608,60804,PUNTARENAS,COTO BRUS,LIMONCITO,3591,30.285907,0,100.951315,74.659533,6.460596,3.508772,1.872748,53.70226,13.979393,10.6934
341,6,607,60702,PUNTARENAS,GOLFITO,PUERTO JIMENEZ,8789,12.197796,34.5431789737,107.238859,52.190476,5.495506,4.755945,1.760086,55.848386,13.107293,27.386506
342,6,607,60701,PUNTARENAS,GOLFITO,GOLFITO,11284,32.650463,67.3342786246,96.107056,51.118254,7.40872,3.146048,1.627515,51.151095,13.93123,19.585253
343,6,607,60703,PUNTARENAS,GOLFITO,GUAYCARA,12918,39.789318,54.9620684316,102.159624,53.712518,6.974764,1.873355,1.671094,52.515289,13.632141,18.160706
344,6,608,60803,PUNTARENAS,COTO BRUS,AGUA BUENA,6286,102.745995,20.4740693605,99.555556,59.300558,8.67006,2.958956,1.689528,56.919007,13.188037,11.756284
345,6,607,60704,PUNTARENAS,GOLFITO,PAVON,6159,16.959467,10.2289332684,107.653405,60.182055,5.422958,7.014126,1.777919,56.609948,9.157331,37.489852
346,6,610,61001,PUNTARENAS,CORREDORES,CORRERDOR,17250,63.374848,64.3304347826,97.391006,52.925532,6.35942,2.585507,1.587872,52.624897,12.684058,9.547826
347,6,610,61003,PUNTARENAS,CORREDORES,CANOAS,11527,94.228726,61.8721263121,95.009305,57.90411,5.838466,11.156415,1.762811,51.485603,12.683265,22.148
348,6,610,61002,PUNTARENAS,CORREDORES,LA CUESTA,3906,97.043478,49.2063492063,101.236476,52.757137,6.09319,8.90937,1.60223,51.700231,8.141321,20.174091
349,6,610,61004,PUNTARENAS,CORREDORES,LAUREL,9148,49.227789,14.3200699606,102.389381,57.290234,6.832094,4.274158,1.815951,56.897531,12.111937,17.260603
350,6,605,60503,PUNTARENAS,OSA,SIERPE,4205,4.118511,19.5719381688,114.97955,51.695527,7.06302,4.137931,1.836638,57.108361,17.217598,21.474435
351,6,609,60901,PUNTARENAS,PARRITA,PARRITA,16115,33.657762,53.2361154204,104.505076,48.306645,6.14955,7.558176,1.657918,55.319315,9.481849,14.911573
352,6,606,60601,PUNTARENAS,AGUIRRE,QUEPOS,19858,89.093275,64.9864034646,104.827231,44.621659,4.763823,11.043408,1.624978,55.096856,8.857891,17.03092
353,1,116,11603,SAN JOSE,TURRUBARES,SAN JUAN DE MATA,1182,13.991477,0,112.208259,46.287129,6.514382,3.468697,1.660066,55.602537,11.252115,16.07445
354,1,116,11605,SAN JOSE,TURRUBARES,CARARA,1810,8.178943,0,109.976798,54.568745,7.348066,5.745856,1.806818,55.368421,11.104972,25.19337
355,1,116,11604,SAN JOSE,TURRUBARES,SAN LUIS,517,11.617978,0,105.15873,54.790419,12.185687,5.996132,1.628099,60.046729,16.634429,14.119923
356,1,107,10703,SAN JOSE,MORA,TABARCIA,4703,97.169421,6.1024877738,95.38845,48.266078,8.271316,3.061875,1.455022,50.876734,12.502658,9.674676
357,1,104,10405,SAN JOSE,PURISCAL,SAN RAFAEL,1730,124.1033,0,101.866978,41.803279,10.924855,2.485549,1.358696,49.196787,18.554913,10.231214
358,1,104,10401,SAN JOSE,PURISCAL,SANTIAGO,11512,332.909196,65.4100069493,96.082439,43.023978,9.320709,2.171647,1.315177,46.247297,12.230716,9.120917
359,1,112,11202,SAN JOSE,ACOSTA,GUAITIL,2406,54.831358,0,106.878762,52.664975,11.221945,0.374065,1.563123,53.175403,10.473815,8.146301
360,1,104,10406,SAN JOSE,PURISCAL,CANDELARITA,1436,58.279221,0,109.329446,53.255069,12.18663,0.487465,1.584527,47.979798,16.155989,11.629526
361,1,104,10409,SAN JOSE,PURISCAL,CHIRES,3031,13.70563,0,113.751763,51.09671,9.336853,0.758825,1.672302,55.49273,20.290333,12.108215
362,1,112,11203,SAN JOSE,ACOSTA,PALMICHAL,4581,132.475419,25.0382012661,97.968885,47.0626,6.679764,2.095612,1.527161,49.310624,8.142327,10.761842
363,1,112,11201,SAN JOSE,ACOSTA,SAN IGNACIO,9016,388.788271,15.2728482697,97.675948,45.654281,7.453416,1.175688,1.42917,47.503721,9.838066,8.473824
364,1,112,11204,SAN JOSE,ACOSTA,CANGREJAL,1875,29.306033,0,111.148649,54.067379,9.76,0.96,1.698925,54.617414,13.173333,8.64
365,1,112,11205,SAN JOSE,ACOSTA,SABANILLAS,2331,13.198573,0,118.667917,56.1286,10.639211,0.514801,1.814748,53.393425,12.569713,10.596311
366,1,106,10603,SAN JOSE,ASERRI,VUELTA DE JORCO,6499,291.173835,35.3900600092,96.46312,45.066964,7.324204,1.092476,1.426562,50.506947,9.647638,10.078474
367,1,106,10604,SAN JOSE,ASERRI,SAN GABRIEL,6061,514.953271,18.2973106748,99.113009,45.452364,5.84062,2.111863,1.498008,49.649629,11.928725,13.298136
368,1,106,10602,SAN JOSE,ASERRI,TARBACA,1446,103.730273,0,108.959538,44.6,6.639004,3.457815,1.548872,50.722175,10.788382,16.113416
369,1,103,10309,SAN JOSE,DESAMPARADOS,ROSARIO,3088,210.354223,0,98.330122,47.609943,6.120466,2.525907,1.539429,52.834741,12.985751,12.208549
370,1,120,12001,SAN JOSE,LEON CORTES,SAN PABLO,4209,201.098901,94.2028985507,94.052559,47.891778,6.581136,5.749584,1.545601,47.956483,9.598479,15.348064
371,1,120,12004,SAN JOSE,LEON CORTES,SAN ISIDRO,1531,81.959315,0,107.171854,48.496605,6.009144,3.723057,1.717949,54.791155,10.254735,13.912476
372,1,120,12003,SAN JOSE,LEON CORTES,LLANO BONITO,2111,62.474105,0,107.571288,49.081921,6.442444,4.358124,1.662522,52.176471,7.24775,14.163903
373,1,106,10605,SAN JOSE,ASERRI,LEGUA,1521,18.64199,0,100.395257,62.326574,8.284024,3.48455,1.760101,56.282723,10.190664,14.924392
374,1,106,10606,SAN JOSE,ASERRI,MONTERREY,498,61.481481,37.9518072289,94.53125,49.54955,5.823293,10.441767,1.634328,48.120301,8.232932,18.875502
375,1,103,10308,SAN JOSE,DESAMPARADOS,SAN CRISTOBAL,3905,154.714739,0,96.725441,50.71401,6.350832,1.690141,1.549953,53.634004,9.346991,6.632522
376,1,103,10306,SAN JOSE,DESAMPARADOS,FRAILES,3772,193.634497,13.0434782609,104.333694,46.485437,7.131495,3.154825,1.445652,51.233766,10.180276,10.551432
377,1,120,12006,SAN JOSE,LEON CORTES,SAN ANTONIO,1106,110.821643,88.5171790235,103.683241,44.198175,6.690778,2.260398,1.557325,55.493896,13.019892,11.121157
378,1,120,12002,SAN JOSE,LEON CORTES,SAN ANDRES,1578,98.934169,0,99.746835,47.476636,6.590621,3.992395,1.62877,55.201863,9.885932,12.103929
379,1,120,12005,SAN JOSE,LEON CORTES,SANTA CRUZ,1665,77.55007,0,107.605985,41.461342,5.645646,1.321321,1.553879,48.248175,9.66967,7.027027
380,1,117,11701,SAN JOSE,DOTA,SANTA MARIA,4621,55.614394,46.05063839,94.078118,51.210733,8.764337,7.314434,1.452936,47.403462,8.483012,14.996754
381,1,105,10501,SAN JOSE,TARRAZU,SAN MARCOS,9993,237.532684,67.8474932453,96.32613,48.352138,6.91484,4.853397,1.4875,49.533988,9.496648,12.348644
382,1,117,11703,SAN JOSE,DOTA,COPEY,1803,6.397474,0,96.834061,49.626556,6.211869,7.154742,1.568627,54.55187,8.208541,15.529673
383,1,116,11602,SAN JOSE,TURRUBARES,SAN PEDRO,646,16.513292,0,108.387097,42.604857,10.371517,3.095975,1.476471,58.441558,10.216718,14.860681
384,1,116,11601,SAN JOSE,TURRUBARES,SAN PABLO,1357,52.414059,54.2372881356,99.852725,48.144105,8.179808,3.905674,1.510811,47.670251,10.759027,13.559322
385,1,104,10402,SAN JOSE,PURISCAL,MERCEDES SUR,5866,30.73296,0,102.625216,47.0544,9.768155,1.602455,1.495614,50.772082,11.796795,11.131947
386,1,104,10403,SAN JOSE,PURISCAL,BARBACOAS,3692,193.399686,5.525460455,100.108401,46.102097,8.423619,1.923077,1.503324,51.477347,10.942579,10.021668
387,1,104,10404,SAN JOSE,PURISCAL,GRIFO ALTO,1182,45.778466,0,101.020408,50.765306,11.675127,1.43824,1.293051,52.129817,13.19797,9.813875
388,1,104,10408,SAN JOSE,PURISCAL,SAN ANTONIO,3889,229.710573,0,99.538225,45.220314,7.714065,5.194137,1.397869,50.862339,10.696837,11.853947
389,1,107,10702,SAN JOSE,MORA,GUAYABO,4449,417.746479,11.8903124298,91.190374,44.307493,6.698134,3.55136,1.310881,49.148352,10.878849,12.182513
390,1,110,11003,SAN JOSE,ALAJUELITA,SAN ANTONIO,4739,491.088083,83.6041358936,96.720631,50.875517,5.950622,11.099388,1.512763,54.468894,12.53429,14.327917
391,1,104,10407,SAN JOSE,PURISCAL,DESAMPARADITOS,666,100.301205,0,101.818182,39.622642,9.75976,2.702703,1.348485,55.263158,9.75976,9.309309
392,1,107,10704,SAN JOSE,MORA,PIEDRAS NEGRAS,379,21.18502,0,112.921348,47.470817,8.17942,11.345646,1.428571,57.04918,11.081794,18.997361
393,1,109,10902,SAN JOSE,SANTA ANA,SALITRAL,4304,211.291114,45.6784386617,93.873874,46.344781,5.343866,17.448885,1.562704,51.516044,10.037175,18.47119
394,1,102,10201,SAN JOSE,ESCAZU,ESCAZU,11984,2736.073059,100,85.683297,45.102313,11.023031,17.990654,1.198765,45.496695,12.024366,13.73498
395,1,102,10202,SAN JOSE,ESCAZU,SAN ANTONIO,22554,1327.486757,98.1777068369,95.08693,41.377797,7.054181,12.144187,1.331816,48.745981,10.636694,13.984216
396,1,101,10110,SAN JOSE,SAN JOSE,HATILLO,50511,11829.274005,100,88.783824,46.783099,10.181941,6.505514,1.336527,42.773424,14.913583,12.290392
397,1,110,11005,SAN JOSE,ALAJUELITA,SAN FELIPE,31649,6133.527132,100,92.173174,50.045039,4.101235,15.548675,1.641501,48.03597,11.106196,17.80783
398,1,110,11002,SAN JOSE,ALAJUELITA,SAN JOSECITO,10506,4841.474654,100,95.387763,46.404682,5.739577,11.279269,1.489948,50.610925,11.260232,13.715972
399,1,106,10601,SAN JOSE,ASERRI,ASERRI,28191,1868.190855,94.2073711468,93.553038,43.655728,5.913235,5.899046,1.367715,49.064376,11.35114,13.238268
400,1,103,10303,SAN JOSE,DESAMPARADOS,SAN JUAN DE DIOS,19481,6537.248322,100,91.271478,45.859539,5.677327,12.406961,1.480915,48.84692,8.397926,16.90365
401,1,106,10607,SAN JOSE,ASERRI,SALITRILLOS,13676,957.03289,80.608365019,97.117325,46.801202,5.783855,6.156771,1.51701,49.360449,9.973677,16.430243
402,1,103,10302,SAN JOSE,DESAMPARADOS,SAN MIGUEL,31805,1503.782506,94.9756327621,94.680786,43.901004,6.19085,6.470681,1.423258,47.956624,10.073888,14.384531
403,1,103,10304,SAN JOSE,DESAMPARADOS,SAN RAFAEL ARRIBA,15262,4907.395498,100,86.349206,39.890009,6.041148,8.065784,1.463089,49.737428,9.330363,12.80304
404,1,103,10312,SAN JOSE,DESAMPARADOS,GRAVILIAS,15024,5058.585859,100,90.708302,42.286201,11.987487,5.757455,1.101728,44.305641,10.729499,9.917465
405,1,103,10311,SAN JOSE,DESAMAPARADOS,SAN RAFAEL ABAJO,23283,11700,100,90.578702,41.589638,5.918481,11.888502,1.350898,47.266695,12.124726,15.320191
406,1,103,10301,SAN JOSE,DESAMPARADOS,DESAMPARADOS,33866,11176.89769,100,90.055559,42.061328,9.189157,9.7059,1.226299,44.677566,12.649855,12.865411
407,1,101,10106,SAN JOSE,SAN JOSE,SAN FRANCISCO DE DOS RIOS,20209,7540.671642,100,87.571932,40.135913,12.24207,10.401306,0.999641,44.940949,9.886684,9.683804
408,1,110,11004,SAN JOSE,ALAJUELITA,CONCEPCION,18721,6477.854671,100,91.16716,47.038957,5.85973,14.181935,1.523449,48.569694,11.014369,18.444528
409,1,110,11001,SAN JOSE,ALAJUELITA,ALAJUELITA,11988,9221.538462,100,93.10567,44.27729,8.11645,6.281281,1.323583,44.893016,11.478145,13.154821
410,1,101,10111,SAN JOSE,SAN JOSE,SAN SEBASTIAN,40065,10066.582915,100,90.758463,43.186448,9.115188,12.47972,1.290274,45.268512,10.989642,12.432298
411,1,118,11801,SAN JOSE,CURRIDABAT,CURRIDABAT,28817,4447.067901,100,86.108241,36.975948,10.476455,12.915987,0.986506,45.635742,9.803241,10.590971
412,1,101,10105,SAN JOSE,SAN JOSE,ZAPOTE,18679,6554.035088,100,86.995695,44.283949,13.914021,9.508004,1.051979,41.947956,11.547727,10.027303
413,1,103,10305,SAN JOSE,DESAMPARADOS,SAN ANTONIO,9727,4654.066986,100,90.091851,40.441813,10.301223,7.628251,1.109866,47.634486,9.992804,10.414311
414,1,103,10310,SAN JOSE,DESAMPARADOS,DAMAS,13175,5126.459144,100,91.887562,41.681901,6.8463,5.464896,1.267405,46.130543,7.058824,12.713472
415,1,103,10313,SAN JOSE,DESAMPARADOS,LOS GUIDO,24102,7800,100,94.700703,51.147623,3.891793,12.289437,1.706222,48.342646,11.969961,21.388267
416,1,103,10307,SAN JOSE,DESAMPARADOS,PATARRA,11921,750.692695,86.8299639292,96.683716,45.804795,5.377066,11.064508,1.524483,50.763439,8.757655,18.387719
417,1,118,11803,SAN JOSE,CURRIDABAT,SANCHEZ,5364,1286.330935,100,81.522843,35.48876,7.606264,17.971663,1.137347,52.812635,7.774049,9.302759
418,1,118,11804,SAN JOSE,CURRIDABAT,TIRRASES,16247,8596.296296,100,93.462729,48.986703,5.674894,18.766542,1.594735,50.12553,8.690835,20.391457
419,1,109,10906,SAN JOSE,SANTA ANA,BRASIL,2586,788.414634,100,97.103659,40.619902,5.259087,14.50116,1.367322,51.818611,10.711524,15.893271
420,1,109,10905,SAN JOSE,SANTA ANA, PIEDADES,8128,665.139116,92.5688976378,90.395877,40.065483,7.763287,14.972933,1.209153,51.769197,9.301181,13.053642
421,1,109,10904,SAN JOSE,SANTA ANA,URUCA,7200,1034.482759,94.1527777778,94.331984,43.426295,7.333333,18.888889,1.232955,53.903598,11.319444,15.361111
422,1,109,10901,SAN JOSE,SANTA ANA,SANTA ANA,11320,2189.555126,100,90.540313,39.254521,8.35689,17.897527,1.156816,49.243768,12.561837,12.0053
423,1,109,10903,SAN JOSE,SANTA ANA,POZOS,15585,1161.326379,100,90.595573,41.091798,5.434713,22.74623,1.316742,53.518796,7.346808,12.332371
424,1,101,10109,SAN JOSE,SAN JOSE,PAVAS,71384,7642.826552,100,90.326881,45.750046,7.751037,16.336994,1.389526,47.673736,11.925642,14.48644
425,1,102,10203,SAN JOSE,ESCAZU,SAN RAFAEL,21971,1674.618902,100,85.659963,40.848772,9.439716,28.897183,1.183348,52.442118,9.344135,14.764917
426,1,101,10108,SAN JOSE,SAN JOSE,MATA REDONDA,8313,2258.967391,100,81.229562,45.58669,16.444124,22.374594,0.951158,43.330606,11.776735,11.704559
427,1,113,11304,SAN JOSE,TIBAS,LEON XIII,13661,17292.405063,100,89.31541,52.432493,6.72718,13.571481,1.581837,47.275115,13.124954,18.439353
428,1,101,10102,SAN JOSE,SAN JOSE,MERCED,12257,5352.401747,100,92.38738,45.345666,9.969813,27.763727,1.377025,45.705552,11.405727,18.103941
429,1,101,10103,SAN JOSE,SAN JOSE,HOSPITAL,19270,5701.183432,100,94.528569,47.132931,10.373638,20.249092,1.406432,44.264355,15.474831,18.593669
430,1,101,10104,SAN JOSE,SAN JOSE,CATEDRAL,12936,5600,100,89.23347,45.774172,14.440322,20.33859,1.188918,40.436915,12.755102,14.169759
431,1,101,10101,SAN JOSE,SAN JOSE,CARMEN,2702,1813.422819,100,77.646285,46.927678,21.909697,24.53738,0.872593,36.151369,15.69208,13.286454
432,1,113,11302,SAN JOSE,TIBAS,CINCO ESQUINAS,5925,8977.272727,100,95.673712,50.075988,8.945148,20.894515,1.543946,47.208228,11.510549,15.122363
433,1,108,10802,SAN JOSE,GOICOECHEA,SAN FRANCISCO,2032,4064,100,83.393502,46.820809,14.76378,13.385827,1.182994,42.07248,11.860236,11.860236
434,1,108,10803,SAN JOSE,GOICOECHEA,CALLE BLANCOS,18984,7943.096234,100,88.23996,41.103018,10.09271,15.597345,1.190386,44.146432,12.647493,12.073325
435,1,113,11303,SAN JOSE,TIBAS,ANSELMO LLORENTE,9986,7184.172662,100,84.515891,39.294183,13.07831,8.922491,0.938552,43.483197,11.345884,8.37172
436,1,108,10801,SAN JOSE,GOICOECHEA,GUADALUPE,20663,8331.854839,100,86.623916,45.914837,15.999613,8.870929,1.015786,41.456305,13.725016,9.359725
437,1,115,11503,SAN JOSE,MONTES DE OCA,MERCEDES,4688,3372.661871,100,83.843137,30.113794,9.662969,14.483788,0.725755,39.037178,10.025597,8.895051
438,1,115,11501,SAN JOSE,MONTES DE OCA,SAN PEDRO,23977,4974.481328,100,86.084594,34.846184,12.76223,14.092672,0.766996,39.754556,12.436919,9.905326
439,1,108,10804,SAN JOSE,GOICOECHEA,MATA DE PLATANO,17370,2212.738854,99.2976396085,92.700244,37.715056,6.879678,8.641336,1.171089,48.573779,9.032815,10.99597
440,1,115,11504,SAN JOSE,MONTES DE OCA,SAN RAFAEL,9692,1353.631285,100,92.149088,40.708479,7.243087,13.536938,1.289297,48.322981,9.667767,13.000413
441,1,118,11802,SAN JOSE,CURRIDABAT,GRANADILLA,14778,4333.72434,100,89.973004,38.760563,6.868318,14.792259,1.248987,48.964401,10.319394,12.173501
442,1,115,11502,SAN JOSE,MONTES DE OCA,SABANILLA,10775,6019.553073,100,87.619711,33.900833,9.531323,9.883991,0.921243,44.029929,9.87471,8.788863
443,1,101,10107,SAN JOSE,SAN JOSE,URUCA,31728,3799.760479,100,93.063162,51.121696,5.427383,33.320726,1.601843,51.204307,11.135275,20.798664
444,1,113,11305,SAN JOSE,TIBAS,COLIMA,13525,7007.772021,100,88.396713,36.712827,8.288355,9.182994,1.144578,44.590618,10.491682,9.560074
445,1,113,11301,SAN JOSE,TIBAS,SAN JUAN,21745,6433.431953,100,85.174146,42.721187,14.302138,7.831685,0.970697,42.3258,11.174983,9.050356
446,1,114,11401,SAN JOSE,MORAVIA,SAN VICENTE,30998,5772.439479,100,84.610803,40.053314,11.597522,10.607136,1.016703,45.796822,10.697464,9.984515
447,1,108,10805,SAN JOSE,GOICOECHEA,IPIS,26033,9398.194946,100,90.132924,42.381317,7.563477,6.084585,1.287777,46.29974,10.025737,11.174279
448,1,108,10807,SAN JOSE,GOICOECHEA,PURRAL,27464,9185.284281,100,88.80792,45.836873,4.442179,9.656277,1.509942,47.915321,12.966065,15.369211
449,1,108,10806,SAN JOSE,GOICOECHEA,RANCHO REDONDO,2538,202.715655,38.4160756501,95.531587,46.705202,6.816391,6.06777,1.477961,51.603355,8.747045,14.972419
450,1,111,11101,SAN JOSE,VAZQUEZ DE CORONADO,SAN ISIDRO,16625,3142.722117,99.2601503759,91.95243,38.276636,7.909774,4.77594,1.189238,48.057187,9.792481,9.642105
451,1,111,11102,SAN JOSE,VAZQUEZ DE CORONADO,SAN RAFAEL,7040,406.231968,90.1988636364,96.70299,39.268051,7.073864,3.4375,1.253134,47.887086,9.147727,13.238636
452,1,111,11105,SAN JOSE,VAZQUEZ DE CORONADO,CASCAJAL,6728,51.206332,82.8180737218,93.055954,43.423577,5.439952,3.37396,1.440061,49.486239,9.096314,15.725327
453,1,114,11402,SAN JOSE,MORAVIA,SAN JERONIMO,6154,333.9121,94.3613909652,100.390752,44.731891,6.776081,5.849854,1.406701,50.953241,11.455964,13.129672
454,1,114,11403,SAN JOSE,MORAVIA,TRINIDAD,19767,4101.037344,100,91.614967,41.587279,5.494005,6.176962,1.293454,51.355225,10.330349,11.058835
455,1,111,11104,SAN JOSE,VAZQUEZ DE CORONADO,PATALILLO,20349,10766.666667,100,91.899283,37.549006,6.786574,5.366357,1.209117,48.919359,10.776942,9.253526
456,1,107,10701,SAN JOSE,MORA,COLON,16088,278.242823,70.0087021382,92.809204,41.122807,7.72004,9.78369,1.283958,51.64117,9.311288,10.939831
457,1,107,10705,SAN JOSE,MORA,PICAGRES,675,24.743402,0,108.333333,47.379913,12.444444,3.703704,1.487179,53.125,11.259259,12.444444
458,1,111,11103,SAN JOSE,VAZQUEZ DE CORONADO,DULCE NOMBRE DE JESUS,9744,146.968326,98.0500821018,94.491018,39.738993,6.167898,3.633005,1.346791,49.639124,10.91954,12.16133
459,1,117,11702,SAN JOSE,DOTA,JARDIN,524,14.844193,0,107.936508,46.778711,5.534351,4.961832,1.738806,56.666667,6.29771,14.503817
460,1,105,10503,SAN JOSE,TARRAZU,SAN CARLOS,1893,30.875877,0,104.20712,65.039233,5.810882,1.690438,1.779874,58.368794,8.821976,10.142631
461,1,105,10502,SAN JOSE,TARRAZU,SAN LORENZO,4394,22.635483,32.1119708694,102.302026,53.047719,5.575785,9.899863,1.6543,53.579744,8.46609,19.481111
462,1,119,11911,SAN JOSE,PEREZ ZELEDON,PARAMO,4410,21.315675,0,102.758621,53.337969,7.369615,1.428571,1.75317,54.449213,12.335601,10.816327
463,1,119,11910,SAN JOSE,PEREZ ZELEDON,RIO NUEVO,3061,12.748855,0,105.850706,56.412877,6.827834,0.947403,1.757389,53.660601,13.622999,10.715452
464,1,119,11904,SAN JOSE,PEREZ ZELEDON,RIVAS,6591,21.409777,0,100.639269,51.378043,7.555758,2.275831,1.611483,52.600719,12.137764,8.87574
465,1,119,11909,SAN JOSE,PEREZ ZELEDON,BARU,2393,12.656019,0,102.624894,50.977918,7.104053,4.59674,1.673313,58.757962,12.244045,8.566653
466,1,119,11901,SAN JOSE,PEREZ ZELEDON,SAN ISIDRO DE EL GENERAL,45327,230.214841,74.6133651025,89.106763,49.136314,7.401769,2.420191,1.456679,47.65844,10.955942,12.833411
467,1,119,11903,SAN JOSE,PEREZ ZELEDON,DANIEL FLORES,33537,539.961359,85.5562513045,92.863304,49.391955,6.309449,2.37648,1.514256,49.302011,9.74148,14.282733
468,1,119,11908,SAN JOSE,PEREZ ZELEDON,CAJON,8542,72.297926,19.7728869117,98.0524,56.24657,6.321705,3.816436,1.700544,53.943598,10.10302,14.141887
469,1,119,11902,SAN JOSE,PEREZ ZELEDON,GENERAL,6373,80.773131,0,96.940667,52.464115,7.390554,3.452063,1.580682,52.776676,12.756943,12.819708
470,1,119,11905,SAN JOSE,PEREZ ZELEDON,SAN PEDRO,9102,43.485739,0,97.226436,58.599059,6.350253,3.13118,1.759903,54.794126,11.931444,14.282575
471,1,119,11907,SAN JOSE,PEREZ ZELEDON,PEJIBAYE,7995,38.791849,13.1707317073,102.047005,54.462906,7.166979,2.35147,1.699487,54.403069,13.1207,13.358349
472,1,119,11906,SAN JOSE,PEREZ ZELEDON,PLATANARES,7203,79.917896,0,103.589599,54.272864,7.024851,1.541025,1.678351,53.290983,8.760239,10.079134
